Year,RaceName,DriverNumber,DriverCode,DriverName,Team,GridPosition,Position,Status,Points,FinishPosition,DidFinish,QualifyingPosition,RaceID,ConstructorIdx,DriverIdx,ConstructorSeason,ConstructorSeasonIdx,TrackType,TrackTypeIdx,Recent3Avg,CumulativeDNFs,CumulativeRaces,CumDNFRate,EffectivePosition
2025,Australia,23,ALB,Alexander Albon,Williams,6.0,5.0,Finished,10.0,5.0,True,6.0,0,3,4,Williams_2025,3,balanced,1,,,0,0.0,5.0
2025,Austria,23,ALB,Alexander Albon,Williams,12.0,17.0,Retired,0.0,17.0,False,12.0,1,3,4,Williams_2025,3,balanced,1,5.0,0.0,1,0.0,17.0
2025,Azerbaijan,23,ALB,Alexander Albon,Williams,19.0,13.0,Finished,0.0,13.0,True,19.0,2,3,4,Williams_2025,3,balanced,1,11.0,1.0,2,0.5,13.0
2025,Bahrain,23,ALB,Alexander Albon,Williams,15.0,12.0,Finished,0.0,12.0,True,15.0,3,3,4,Williams_2025,3,balanced,1,11.666666666666666,1.0,3,0.3333333333333333,12.0
2025,Belgium,23,ALB,Alexander Albon,Williams,5.0,6.0,Finished,8.0,6.0,True,5.0,4,3,4,Williams_2025,3,balanced,1,14.0,1.0,4,0.25,6.0
2025,Canada,23,ALB,Alexander Albon,Williams,9.0,20.0,Retired,0.0,20.0,False,10.0,5,3,4,Williams_2025,3,balanced,1,10.333333333333334,1.0,5,0.2,20.0
2025,China,23,ALB,Alexander Albon,Williams,10.0,7.0,Finished,6.0,7.0,True,10.0,6,3,4,Williams_2025,3,balanced,1,12.666666666666666,2.0,6,0.3333333333333333,7.0
2025,Emilia Romagna,23,ALB,Alexander Albon,Williams,7.0,5.0,Finished,10.0,5.0,True,7.0,7,3,4,Williams_2025,3,balanced,1,11.0,2.0,7,0.2857142857142857,5.0
2025,Great Britain,23,ALB,Alexander Albon,Williams,12.0,17.0,Retired,0.0,17.0,False,12.0,8,3,4,Williams_2025,3,balanced,1,10.666666666666666,2.0,8,0.25,17.0
2025,Hungary,23,ALB,Alexander Albon,Williams,19.0,15.0,Lapped,0.0,15.0,False,20.0,9,3,4,Williams_2025,3,technical,2,9.666666666666666,3.0,9,0.3333333333333333,15.0
2025,Italy,23,ALB,Alexander Albon,Williams,14.0,7.0,Finished,6.0,7.0,True,14.0,10,3,4,Williams_2025,3,balanced,1,12.333333333333334,4.0,10,0.4,7.0
2025,Japan,23,ALB,Alexander Albon,Williams,9.0,9.0,Finished,2.0,9.0,True,9.0,11,3,4,Williams_2025,3,balanced,1,13.0,4.0,11,0.36363636363636365,9.0
2025,Las Vegas,23,ALB,Alexander Albon,Williams,16.0,16.0,Retired,0.0,16.0,False,16.0,12,3,4,Williams_2025,3,balanced,1,10.333333333333334,4.0,12,0.3333333333333333,16.0
2025,Mexico,23,ALB,Alexander Albon,Williams,17.0,12.0,Lapped,0.0,12.0,False,17.0,13,3,4,Williams_2025,3,balanced,1,10.666666666666666,5.0,13,0.38461538461538464,12.0
2025,Miami,23,ALB,Alexander Albon,Williams,7.0,5.0,Finished,10.0,5.0,True,7.0,14,3,4,Williams_2025,3,balanced,1,12.333333333333334,6.0,14,0.42857142857142855,5.0
2025,Monaco,23,ALB,Alexander Albon,Williams,10.0,9.0,Lapped,2.0,9.0,False,10.0,15,3,4,Williams_2025,3,technical,2,11.0,6.0,15,0.4,9.0
2025,Netherlands,23,ALB,Alexander Albon,Williams,15.0,5.0,Finished,10.0,5.0,True,15.0,16,3,4,Williams_2025,3,balanced,1,8.666666666666666,7.0,16,0.4375,5.0
2025,Saudi Arabia,23,ALB,Alexander Albon,Williams,11.0,9.0,Finished,2.0,9.0,True,11.0,17,3,4,Williams_2025,3,balanced,1,6.333333333333333,7.0,17,0.4117647058823529,9.0
2025,Singapore,23,ALB,Alexander Albon,Williams,20.0,14.0,Lapped,0.0,14.0,False,19.0,18,3,4,Williams_2025,3,technical,2,7.666666666666667,7.0,18,0.3888888888888889,14.0
2025,Spain,23,ALB,Alexander Albon,Williams,11.0,19.0,Retired,0.0,19.0,False,11.0,19,3,4,Williams_2025,3,high_speed,0,9.333333333333334,8.0,19,0.42105263157894735,19.0
2025,São Paulo,23,ALB,Alexander Albon,Williams,12.0,11.0,Finished,0.0,11.0,True,12.0,20,3,4,Williams_2025,3,balanced,1,14.0,9.0,20,0.45,11.0
2025,United States,23,ALB,Alexander Albon,Williams,18.0,14.0,Finished,0.0,14.0,True,19.0,21,3,4,Williams_2025,3,balanced,1,14.666666666666666,9.0,21,0.42857142857142855,14.0
2025,Australia,14,ALO,Fernando Alonso,Aston Martin,12.0,17.0,Retired,0.0,17.0,False,12.0,0,4,16,Aston Martin_2025,4,balanced,1,,,0,0.0,17.0
2025,Austria,14,ALO,Fernando Alonso,Aston Martin,11.0,7.0,Lapped,6.0,7.0,False,11.0,1,4,16,Aston Martin_2025,4,balanced,1,17.0,1.0,1,1.0,7.0
2025,Azerbaijan,14,ALO,Fernando Alonso,Aston Martin,11.0,15.0,Finished,0.0,15.0,True,11.0,2,4,16,Aston Martin_2025,4,balanced,1,12.0,2.0,2,1.0,15.0
2025,Bahrain,14,ALO,Fernando Alonso,Aston Martin,13.0,15.0,Finished,0.0,15.0,True,13.0,3,4,16,Aston Martin_2025,4,balanced,1,13.0,2.0,3,0.6666666666666666,15.0
2025,Belgium,14,ALO,Fernando Alonso,Aston Martin,20.0,17.0,Finished,0.0,17.0,True,19.0,4,4,16,Aston Martin_2025,4,balanced,1,12.333333333333334,2.0,4,0.5,17.0
2025,Canada,14,ALO,Fernando Alonso,Aston Martin,6.0,7.0,Finished,6.0,7.0,True,6.0,5,4,16,Aston Martin_2025,4,balanced,1,15.666666666666666,2.0,5,0.4,7.0
2025,China,14,ALO,Fernando Alonso,Aston Martin,13.0,17.0,Retired,0.0,17.0,False,13.0,6,4,16,Aston Martin_2025,4,balanced,1,13.0,2.0,6,0.3333333333333333,17.0
2025,Emilia Romagna,14,ALO,Fernando Alonso,Aston Martin,5.0,11.0,Finished,0.0,11.0,True,5.0,7,4,16,Aston Martin_2025,4,balanced,1,13.666666666666666,3.0,7,0.42857142857142855,11.0
2025,Great Britain,14,ALO,Fernando Alonso,Aston Martin,11.0,7.0,Lapped,6.0,7.0,False,11.0,8,4,16,Aston Martin_2025,4,balanced,1,11.666666666666666,3.0,8,0.375,7.0
2025,Hungary,14,ALO,Fernando Alonso,Aston Martin,5.0,5.0,Finished,10.0,5.0,True,5.0,9,4,16,Aston Martin_2025,4,technical,2,11.666666666666666,4.0,9,0.4444444444444444,5.0
2025,Italy,14,ALO,Fernando Alonso,Aston Martin,8.0,19.0,Retired,0.0,19.0,False,9.0,10,4,16,Aston Martin_2025,4,balanced,1,7.666666666666667,4.0,10,0.4,19.0
2025,Japan,14,ALO,Fernando Alonso,Aston Martin,12.0,11.0,Finished,0.0,11.0,True,13.0,11,4,16,Aston Martin_2025,4,balanced,1,10.333333333333334,5.0,11,0.45454545454545453,11.0
2025,Las Vegas,14,ALO,Fernando Alonso,Aston Martin,7.0,11.0,Finished,0.0,11.0,True,7.0,12,4,16,Aston Martin_2025,4,balanced,1,11.666666666666666,5.0,12,0.4166666666666667,11.0
2025,Mexico,14,ALO,Fernando Alonso,Aston Martin,14.0,18.0,Retired,0.0,18.0,False,14.0,13,4,16,Aston Martin_2025,4,balanced,1,13.666666666666666,5.0,13,0.38461538461538464,18.0
2025,Miami,14,ALO,Fernando Alonso,Aston Martin,17.0,15.0,Lapped,0.0,15.0,False,17.0,14,4,16,Aston Martin_2025,4,balanced,1,13.333333333333334,6.0,14,0.42857142857142855,15.0
2025,Monaco,14,ALO,Fernando Alonso,Aston Martin,6.0,19.0,Retired,0.0,19.0,False,7.0,15,4,16,Aston Martin_2025,4,technical,2,14.666666666666666,7.0,15,0.4666666666666667,19.0
2025,Netherlands,14,ALO,Fernando Alonso,Aston Martin,10.0,8.0,Finished,4.0,8.0,True,10.0,16,4,16,Aston Martin_2025,4,balanced,1,17.333333333333332,8.0,16,0.5,8.0
2025,Saudi Arabia,14,ALO,Fernando Alonso,Aston Martin,13.0,11.0,Finished,0.0,11.0,True,13.0,17,4,16,Aston Martin_2025,4,balanced,1,14.0,8.0,17,0.47058823529411764,11.0
2025,Singapore,14,ALO,Fernando Alonso,Aston Martin,10.0,7.0,Finished,6.0,7.0,True,10.0,18,4,16,Aston Martin_2025,4,technical,2,12.666666666666666,8.0,18,0.4444444444444444,7.0
2025,Spain,14,ALO,Fernando Alonso,Aston Martin,10.0,9.0,Finished,2.0,9.0,True,10.0,19,4,16,Aston Martin_2025,4,high_speed,0,8.666666666666666,8.0,19,0.42105263157894735,9.0
2025,São Paulo,14,ALO,Fernando Alonso,Aston Martin,11.0,14.0,Finished,0.0,14.0,True,11.0,20,4,16,Aston Martin_2025,4,balanced,1,9.0,8.0,20,0.4,14.0
2025,United States,14,ALO,Fernando Alonso,Aston Martin,10.0,10.0,Finished,1.0,10.0,True,10.0,21,4,16,Aston Martin_2025,4,balanced,1,10.0,8.0,21,0.38095238095238093,10.0
2025,Australia,12,ANT,Andrea Kimi Antonelli,Mercedes,16.0,4.0,Finished,12.0,4.0,True,16.0,0,2,3,Mercedes_2025,2,balanced,1,,,0,0.0,4.0
2025,Austria,12,ANT,Kimi Antonelli,Mercedes,9.0,19.0,Retired,0.0,19.0,False,9.0,1,2,3,Mercedes_2025,2,balanced,1,4.0,0.0,1,0.0,19.0
2025,Azerbaijan,12,ANT,Kimi Antonelli,Mercedes,4.0,4.0,Finished,12.0,4.0,True,4.0,2,2,3,Mercedes_2025,2,balanced,1,11.5,1.0,2,0.5,4.0
2025,Bahrain,12,ANT,Kimi Antonelli,Mercedes,5.0,11.0,Finished,0.0,11.0,True,4.0,3,2,3,Mercedes_2025,2,balanced,1,9.0,1.0,3,0.3333333333333333,11.0
2025,Belgium,12,ANT,Kimi Antonelli,Mercedes,19.0,16.0,Finished,0.0,16.0,True,18.0,4,2,3,Mercedes_2025,2,balanced,1,11.333333333333334,1.0,4,0.25,16.0
2025,Canada,12,ANT,Kimi Antonelli,Mercedes,4.0,3.0,Finished,15.0,3.0,True,4.0,5,2,3,Mercedes_2025,2,balanced,1,10.333333333333334,1.0,5,0.2,3.0
2025,China,12,ANT,Kimi Antonelli,Mercedes,8.0,6.0,Finished,8.0,6.0,True,8.0,6,2,3,Mercedes_2025,2,balanced,1,10.0,1.0,6,0.16666666666666666,6.0
2025,Emilia Romagna,12,ANT,Kimi Antonelli,Mercedes,13.0,19.0,Retired,0.0,19.0,False,13.0,7,2,3,Mercedes_2025,2,balanced,1,8.333333333333334,1.0,7,0.14285714285714285,19.0
2025,Great Britain,12,ANT,Kimi Antonelli,Mercedes,9.0,19.0,Retired,0.0,19.0,False,9.0,8,2,3,Mercedes_2025,2,balanced,1,9.333333333333334,2.0,8,0.25,19.0
2025,Hungary,12,ANT,Kimi Antonelli,Mercedes,15.0,10.0,Lapped,1.0,10.0,False,15.0,9,2,3,Mercedes_2025,2,technical,2,14.666666666666666,3.0,9,0.3333333333333333,10.0
2025,Italy,12,ANT,Kimi Antonelli,Mercedes,6.0,9.0,Finished,2.0,9.0,True,7.0,10,2,3,Mercedes_2025,2,balanced,1,16.0,4.0,10,0.4,9.0
2025,Japan,12,ANT,Kimi Antonelli,Mercedes,6.0,6.0,Finished,8.0,6.0,True,6.0,11,2,3,Mercedes_2025,2,balanced,1,12.666666666666666,4.0,11,0.36363636363636365,6.0
2025,Las Vegas,12,ANT,Kimi Antonelli,Mercedes,17.0,3.0,Finished,15.0,3.0,True,17.0,12,2,3,Mercedes_2025,2,balanced,1,8.333333333333334,4.0,12,0.3333333333333333,3.0
2025,Mexico,12,ANT,Kimi Antonelli,Mercedes,6.0,6.0,Finished,8.0,6.0,True,6.0,13,2,3,Mercedes_2025,2,balanced,1,6.0,4.0,13,0.3076923076923077,6.0
2025,Miami,12,ANT,Kimi Antonelli,Mercedes,3.0,6.0,Finished,8.0,6.0,True,3.0,14,2,3,Mercedes_2025,2,balanced,1,5.0,4.0,14,0.2857142857142857,6.0
2025,Monaco,12,ANT,Kimi Antonelli,Mercedes,15.0,18.0,Lapped,0.0,18.0,False,15.0,15,2,3,Mercedes_2025,2,technical,2,5.0,4.0,15,0.26666666666666666,18.0
2025,Netherlands,12,ANT,Kimi Antonelli,Mercedes,11.0,16.0,Finished,0.0,16.0,True,11.0,16,2,3,Mercedes_2025,2,balanced,1,10.0,5.0,16,0.3125,16.0
2025,Saudi Arabia,12,ANT,Kimi Antonelli,Mercedes,5.0,6.0,Finished,8.0,6.0,True,5.0,17,2,3,Mercedes_2025,2,balanced,1,13.333333333333334,5.0,17,0.29411764705882354,6.0
2025,Singapore,12,ANT,Kimi Antonelli,Mercedes,4.0,5.0,Finished,10.0,5.0,True,4.0,18,2,3,Mercedes_2025,2,technical,2,13.333333333333334,5.0,18,0.2777777777777778,5.0
2025,Spain,12,ANT,Kimi Antonelli,Mercedes,6.0,18.0,Retired,0.0,18.0,False,6.0,19,2,3,Mercedes_2025,2,high_speed,0,9.0,5.0,19,0.2631578947368421,18.0
2025,São Paulo,12,ANT,Kimi Antonelli,Mercedes,2.0,2.0,Finished,18.0,2.0,True,2.0,20,2,3,Mercedes_2025,2,balanced,1,9.666666666666666,6.0,20,0.3,2.0
2025,United States,12,ANT,Kimi Antonelli,Mercedes,7.0,13.0,Finished,0.0,13.0,True,7.0,21,2,3,Mercedes_2025,2,balanced,1,8.333333333333334,6.0,21,0.2857142857142857,13.0
2025,Australia,87,BEA,Oliver Bearman,Haas F1 Team,20.0,14.0,Finished,0.0,14.0,True,20.0,0,9,13,Haas F1 Team_2025,9,balanced,1,,,0,0.0,14.0
2025,Austria,87,BEA,Oliver Bearman,Haas F1 Team,15.0,11.0,Lapped,0.0,11.0,False,15.0,1,9,13,Haas F1 Team_2025,9,balanced,1,14.0,0.0,1,0.0,11.0
2025,Azerbaijan,87,BEA,Oliver Bearman,Haas F1 Team,15.0,12.0,Finished,0.0,12.0,True,15.0,2,9,13,Haas F1 Team_2025,9,balanced,1,12.5,1.0,2,0.5,12.0
2025,Bahrain,87,BEA,Oliver Bearman,Haas F1 Team,20.0,10.0,Finished,1.0,10.0,True,20.0,3,9,13,Haas F1 Team_2025,9,balanced,1,12.333333333333334,1.0,3,0.3333333333333333,10.0
2025,Belgium,87,BEA,Oliver Bearman,Haas F1 Team,12.0,11.0,Finished,0.0,11.0,True,12.0,4,9,13,Haas F1 Team_2025,9,balanced,1,11.0,1.0,4,0.25,11.0
2025,Canada,87,BEA,Oliver Bearman,Haas F1 Team,13.0,11.0,Lapped,0.0,11.0,False,14.0,5,9,13,Haas F1 Team_2025,9,balanced,1,11.0,1.0,5,0.2,11.0
2025,China,87,BEA,Oliver Bearman,Haas F1 Team,17.0,8.0,Finished,4.0,8.0,True,17.0,6,9,13,Haas F1 Team_2025,9,balanced,1,10.666666666666666,2.0,6,0.3333333333333333,8.0
2025,Emilia Romagna,87,BEA,Oliver Bearman,Haas F1 Team,19.0,17.0,Finished,0.0,17.0,True,19.0,7,9,13,Haas F1 Team_2025,9,balanced,1,10.0,2.0,7,0.2857142857142857,17.0
2025,Great Britain,87,BEA,Oliver Bearman,Haas F1 Team,15.0,11.0,Lapped,0.0,11.0,False,15.0,8,9,13,Haas F1 Team_2025,9,balanced,1,12.0,2.0,8,0.25,11.0
2025,Hungary,87,BEA,Oliver Bearman,Haas F1 Team,11.0,20.0,Retired,0.0,20.0,False,11.0,9,9,13,Haas F1 Team_2025,9,technical,2,12.0,3.0,9,0.3333333333333333,20.0
2025,Italy,87,BEA,Oliver Bearman,Haas F1 Team,11.0,12.0,Finished,0.0,12.0,True,11.0,10,9,13,Haas F1 Team_2025,9,balanced,1,16.0,4.0,10,0.4,12.0
2025,Japan,87,BEA,Oliver Bearman,Haas F1 Team,10.0,10.0,Finished,1.0,10.0,True,10.0,11,9,13,Haas F1 Team_2025,9,balanced,1,14.333333333333334,4.0,11,0.36363636363636365,10.0
2025,Las Vegas,87,BEA,Oliver Bearman,Haas F1 Team,14.0,10.0,Finished,1.0,10.0,True,14.0,12,9,13,Haas F1 Team_2025,9,balanced,1,14.0,4.0,12,0.3333333333333333,10.0
2025,Mexico,87,BEA,Oliver Bearman,Haas F1 Team,9.0,4.0,Finished,12.0,4.0,True,10.0,13,9,13,Haas F1 Team_2025,9,balanced,1,10.666666666666666,4.0,13,0.3076923076923077,4.0
2025,Miami,87,BEA,Oliver Bearman,Haas F1 Team,19.0,19.0,Retired,0.0,19.0,False,20.0,14,9,13,Haas F1 Team_2025,9,balanced,1,8.0,4.0,14,0.2857142857142857,19.0
2025,Monaco,87,BEA,Oliver Bearman,Haas F1 Team,20.0,12.0,Lapped,0.0,12.0,False,17.0,15,9,13,Haas F1 Team_2025,9,technical,2,11.0,5.0,15,0.3333333333333333,12.0
2025,Netherlands,87,BEA,Oliver Bearman,Haas F1 Team,20.0,6.0,Finished,8.0,6.0,True,19.0,16,9,13,Haas F1 Team_2025,9,balanced,1,11.666666666666666,6.0,16,0.375,6.0
2025,Saudi Arabia,87,BEA,Oliver Bearman,Haas F1 Team,15.0,13.0,Finished,0.0,13.0,True,15.0,17,9,13,Haas F1 Team_2025,9,balanced,1,12.333333333333334,6.0,17,0.35294117647058826,13.0
2025,Singapore,87,BEA,Oliver Bearman,Haas F1 Team,9.0,9.0,Finished,2.0,9.0,True,9.0,18,9,13,Haas F1 Team_2025,9,technical,2,10.333333333333334,6.0,18,0.3333333333333333,9.0
2025,Spain,87,BEA,Oliver Bearman,Haas F1 Team,14.0,17.0,Finished,0.0,17.0,True,15.0,19,9,13,Haas F1 Team_2025,9,high_speed,0,9.333333333333334,6.0,19,0.3157894736842105,17.0
2025,São Paulo,87,BEA,Oliver Bearman,Haas F1 Team,8.0,6.0,Finished,8.0,6.0,True,8.0,20,9,13,Haas F1 Team_2025,9,balanced,1,13.0,6.0,20,0.3,6.0
2025,United States,87,BEA,Oliver Bearman,Haas F1 Team,8.0,9.0,Finished,2.0,9.0,True,8.0,21,9,13,Haas F1 Team_2025,9,balanced,1,10.666666666666666,6.0,21,0.2857142857142857,9.0
2025,Australia,5,BOR,Gabriel Bortoleto,Kick Sauber,15.0,16.0,Retired,0.0,16.0,False,15.0,0,5,15,Kick Sauber_2025,5,balanced,1,,,0,0.0,16.0
2025,Austria,5,BOR,Gabriel Bortoleto,Kick Sauber,8.0,8.0,Lapped,4.0,8.0,False,8.0,1,5,15,Kick Sauber_2025,5,balanced,1,16.0,1.0,1,1.0,8.0
2025,Azerbaijan,5,BOR,Gabriel Bortoleto,Kick Sauber,13.0,11.0,Finished,0.0,11.0,True,13.0,2,5,15,Kick Sauber_2025,5,balanced,1,12.0,2.0,2,1.0,11.0
2025,Bahrain,5,BOR,Gabriel Bortoleto,Kick Sauber,18.0,18.0,Finished,0.0,18.0,True,18.0,3,5,15,Kick Sauber_2025,5,balanced,1,11.666666666666666,2.0,3,0.6666666666666666,18.0
2025,Belgium,5,BOR,Gabriel Bortoleto,Kick Sauber,10.0,9.0,Finished,2.0,9.0,True,10.0,4,5,15,Kick Sauber_2025,5,balanced,1,12.333333333333334,2.0,4,0.5,9.0
2025,Canada,5,BOR,Gabriel Bortoleto,Kick Sauber,15.0,14.0,Lapped,0.0,14.0,False,16.0,5,5,15,Kick Sauber_2025,5,balanced,1,12.666666666666666,2.0,5,0.4,14.0
2025,China,5,BOR,Gabriel Bortoleto,Kick Sauber,19.0,14.0,Lapped,0.0,14.0,False,19.0,6,5,15,Kick Sauber_2025,5,balanced,1,13.666666666666666,3.0,6,0.5,14.0
2025,Emilia Romagna,5,BOR,Gabriel Bortoleto,Kick Sauber,14.0,18.0,Finished,0.0,18.0,True,14.0,7,5,15,Kick Sauber_2025,5,balanced,1,12.333333333333334,4.0,7,0.5714285714285714,18.0
2025,Great Britain,5,BOR,Gabriel Bortoleto,Kick Sauber,8.0,8.0,Lapped,4.0,8.0,False,8.0,8,5,15,Kick Sauber_2025,5,balanced,1,15.333333333333334,4.0,8,0.5,8.0
2025,Hungary,5,BOR,Gabriel Bortoleto,Kick Sauber,7.0,6.0,Finished,8.0,6.0,True,7.0,9,5,15,Kick Sauber_2025,5,technical,2,13.333333333333334,5.0,9,0.5555555555555556,6.0
2025,Italy,5,BOR,Gabriel Bortoleto,Kick Sauber,7.0,8.0,Finished,4.0,8.0,True,8.0,10,5,15,Kick Sauber_2025,5,balanced,1,10.666666666666666,5.0,10,0.5,8.0
2025,Japan,5,BOR,Gabriel Bortoleto,Kick Sauber,17.0,19.0,Finished,0.0,19.0,True,17.0,11,5,15,Kick Sauber_2025,5,balanced,1,7.333333333333333,5.0,11,0.45454545454545453,19.0
2025,Las Vegas,5,BOR,Gabriel Bortoleto,Kick Sauber,18.0,17.0,Retired,0.0,17.0,False,18.0,12,5,15,Kick Sauber_2025,5,balanced,1,11.0,5.0,12,0.4166666666666667,17.0
2025,Mexico,5,BOR,Gabriel Bortoleto,Kick Sauber,16.0,10.0,Finished,1.0,10.0,True,16.0,13,5,15,Kick Sauber_2025,5,balanced,1,14.666666666666666,6.0,13,0.46153846153846156,10.0
2025,Miami,5,BOR,Gabriel Bortoleto,Kick Sauber,13.0,18.0,Retired,0.0,18.0,False,13.0,14,5,15,Kick Sauber_2025,5,balanced,1,15.333333333333334,6.0,14,0.42857142857142855,18.0
2025,Monaco,5,BOR,Gabriel Bortoleto,Kick Sauber,16.0,14.0,Lapped,0.0,14.0,False,16.0,15,5,15,Kick Sauber_2025,5,technical,2,15.0,7.0,15,0.4666666666666667,14.0
2025,Netherlands,5,BOR,Gabriel Bortoleto,Kick Sauber,13.0,15.0,Finished,0.0,15.0,True,13.0,16,5,15,Kick Sauber_2025,5,balanced,1,14.0,8.0,16,0.5,15.0
2025,Saudi Arabia,5,BOR,Gabriel Bortoleto,Kick Sauber,20.0,18.0,Lapped,0.0,18.0,False,20.0,17,5,15,Kick Sauber_2025,5,balanced,1,15.666666666666666,8.0,17,0.47058823529411764,18.0
2025,Singapore,5,BOR,Gabriel Bortoleto,Kick Sauber,14.0,17.0,Lapped,0.0,17.0,False,14.0,18,5,15,Kick Sauber_2025,5,technical,2,15.666666666666666,9.0,18,0.5,17.0
2025,Spain,5,BOR,Gabriel Bortoleto,Kick Sauber,12.0,12.0,Finished,0.0,12.0,True,12.0,19,5,15,Kick Sauber_2025,5,high_speed,0,16.666666666666668,10.0,19,0.5263157894736842,12.0
2025,São Paulo,5,BOR,Gabriel Bortoleto,Kick Sauber,18.0,20.0,Retired,0.0,20.0,False,,20,5,15,Kick Sauber_2025,5,balanced,1,15.666666666666666,10.0,20,0.5,20.0
2025,United States,5,BOR,Gabriel Bortoleto,Kick Sauber,16.0,18.0,Lapped,0.0,18.0,False,16.0,21,5,15,Kick Sauber_2025,5,balanced,1,16.333333333333332,11.0,21,0.5238095238095238,18.0
2025,Austria,43,COL,Franco Colapinto,Alpine,14.0,15.0,Lapped,0.0,15.0,False,14.0,1,7,20,Alpine_2025,7,balanced,1,,,0,0.0,15.0
2025,Azerbaijan,43,COL,Franco Colapinto,Alpine,16.0,19.0,Lapped,0.0,19.0,False,16.0,2,7,20,Alpine_2025,7,balanced,1,15.0,1.0,1,1.0,19.0
2025,Belgium,43,COL,Franco Colapinto,Alpine,15.0,19.0,Finished,0.0,19.0,True,17.0,4,7,20,Alpine_2025,7,balanced,1,17.0,2.0,2,1.0,19.0
2025,Canada,43,COL,Franco Colapinto,Alpine,10.0,13.0,Lapped,0.0,13.0,False,12.0,5,7,20,Alpine_2025,7,balanced,1,17.666666666666668,2.0,3,0.6666666666666666,13.0
2025,Emilia Romagna,43,COL,Franco Colapinto,Alpine,16.0,16.0,Finished,0.0,16.0,True,15.0,7,7,20,Alpine_2025,7,balanced,1,17.0,3.0,4,0.75,16.0
2025,Great Britain,43,COL,Franco Colapinto,Alpine,14.0,15.0,Lapped,0.0,15.0,False,14.0,8,7,20,Alpine_2025,7,balanced,1,16.0,3.0,5,0.6,15.0
2025,Hungary,43,COL,Franco Colapinto,Alpine,14.0,18.0,Lapped,0.0,18.0,False,14.0,9,7,20,Alpine_2025,7,technical,2,14.666666666666666,4.0,6,0.6666666666666666,18.0
2025,Italy,43,COL,Franco Colapinto,Alpine,17.0,17.0,Lapped,0.0,17.0,False,18.0,10,7,20,Alpine_2025,7,balanced,1,16.333333333333332,5.0,7,0.7142857142857143,17.0
2025,Las Vegas,43,COL,Franco Colapinto,Alpine,15.0,15.0,Lapped,0.0,15.0,False,15.0,12,7,20,Alpine_2025,7,balanced,1,16.666666666666668,6.0,8,0.75,15.0
2025,Mexico,43,COL,Franco Colapinto,Alpine,20.0,16.0,Lapped,0.0,16.0,False,20.0,13,7,20,Alpine_2025,7,balanced,1,16.666666666666668,7.0,9,0.7777777777777778,16.0
2025,Monaco,43,COL,Franco Colapinto,Alpine,18.0,13.0,Lapped,0.0,13.0,False,20.0,15,7,20,Alpine_2025,7,technical,2,16.0,8.0,10,0.8,13.0
2025,Netherlands,43,COL,Franco Colapinto,Alpine,16.0,11.0,Finished,0.0,11.0,True,16.0,16,7,20,Alpine_2025,7,balanced,1,14.666666666666666,9.0,11,0.8181818181818182,11.0
2025,Singapore,43,COL,Franco Colapinto,Alpine,16.0,16.0,Lapped,0.0,16.0,False,16.0,18,7,20,Alpine_2025,7,technical,2,13.333333333333334,9.0,12,0.75,16.0
2025,Spain,43,COL,Franco Colapinto,Alpine,18.0,15.0,Finished,0.0,15.0,True,19.0,19,7,20,Alpine_2025,7,high_speed,0,13.333333333333334,10.0,13,0.7692307692307693,15.0
2025,São Paulo,43,COL,Franco Colapinto,Alpine,16.0,15.0,Finished,0.0,15.0,True,18.0,20,7,20,Alpine_2025,7,balanced,1,14.0,10.0,14,0.7142857142857143,15.0
2025,United States,43,COL,Franco Colapinto,Alpine,15.0,17.0,Lapped,0.0,17.0,False,15.0,21,7,20,Alpine_2025,7,balanced,1,15.333333333333334,10.0,15,0.6666666666666666,17.0
2025,Australia,7,DOO,Jack Doohan,Alpine,14.0,19.0,Retired,0.0,19.0,False,14.0,0,7,18,Alpine_2025,7,balanced,1,,,0,0.0,19.0
2025,Bahrain,7,DOO,Jack Doohan,Alpine,11.0,14.0,Finished,0.0,14.0,True,11.0,3,7,18,Alpine_2025,7,balanced,1,19.0,1.0,1,1.0,14.0
2025,China,7,DOO,Jack Doohan,Alpine,18.0,13.0,Finished,0.0,13.0,True,18.0,6,7,18,Alpine_2025,7,balanced,1,16.5,1.0,2,0.5,13.0
2025,Japan,7,DOO,Jack Doohan,Alpine,19.0,15.0,Finished,0.0,15.0,True,19.0,11,7,18,Alpine_2025,7,balanced,1,15.333333333333334,1.0,3,0.3333333333333333,15.0
2025,Miami,7,DOO,Jack Doohan,Alpine,14.0,20.0,Retired,0.0,20.0,False,14.0,14,7,18,Alpine_2025,7,balanced,1,14.0,1.0,4,0.25,20.0
2025,Saudi Arabia,7,DOO,Jack Doohan,Alpine,17.0,17.0,Lapped,0.0,17.0,False,17.0,17,7,18,Alpine_2025,7,balanced,1,16.0,2.0,5,0.4,17.0
2025,Australia,10,GAS,Pierre Gasly,Alpine,9.0,11.0,Finished,0.0,11.0,True,9.0,0,7,10,Alpine_2025,7,balanced,1,,,0,0.0,11.0
2025,Austria,10,GAS,Pierre Gasly,Alpine,10.0,13.0,Lapped,0.0,13.0,False,10.0,1,7,10,Alpine_2025,7,balanced,1,11.0,0.0,1,0.0,13.0
2025,Azerbaijan,10,GAS,Pierre Gasly,Alpine,18.0,18.0,Lapped,0.0,18.0,False,18.0,2,7,10,Alpine_2025,7,balanced,1,12.0,1.0,2,0.5,18.0
2025,Bahrain,10,GAS,Pierre Gasly,Alpine,4.0,7.0,Finished,6.0,7.0,True,5.0,3,7,10,Alpine_2025,7,balanced,1,14.0,2.0,3,0.6666666666666666,7.0
2025,Belgium,10,GAS,Pierre Gasly,Alpine,13.0,10.0,Finished,1.0,10.0,True,13.0,4,7,10,Alpine_2025,7,balanced,1,12.666666666666666,2.0,4,0.5,10.0
2025,Canada,10,GAS,Pierre Gasly,Alpine,20.0,15.0,Lapped,0.0,15.0,False,20.0,5,7,10,Alpine_2025,7,balanced,1,11.666666666666666,2.0,5,0.4,15.0
2025,China,10,GAS,Pierre Gasly,Alpine,16.0,20.0,Disqualified,0.0,20.0,False,16.0,6,7,10,Alpine_2025,7,balanced,1,10.666666666666666,3.0,6,0.5,20.0
2025,Emilia Romagna,10,GAS,Pierre Gasly,Alpine,10.0,13.0,Finished,0.0,13.0,True,10.0,7,7,10,Alpine_2025,7,balanced,1,15.0,4.0,7,0.5714285714285714,13.0
2025,Great Britain,10,GAS,Pierre Gasly,Alpine,10.0,13.0,Lapped,0.0,13.0,False,10.0,8,7,10,Alpine_2025,7,balanced,1,16.0,4.0,8,0.5,13.0
2025,Hungary,10,GAS,Pierre Gasly,Alpine,16.0,19.0,Lapped,0.0,19.0,False,17.0,9,7,10,Alpine_2025,7,technical,2,15.333333333333334,5.0,9,0.5555555555555556,19.0
2025,Italy,10,GAS,Pierre Gasly,Alpine,20.0,16.0,Lapped,0.0,16.0,False,19.0,10,7,10,Alpine_2025,7,balanced,1,15.0,6.0,10,0.6,16.0
2025,Japan,10,GAS,Pierre Gasly,Alpine,11.0,13.0,Finished,0.0,13.0,True,11.0,11,7,10,Alpine_2025,7,balanced,1,16.0,7.0,11,0.6363636363636364,13.0
2025,Las Vegas,10,GAS,Pierre Gasly,Alpine,10.0,13.0,Finished,0.0,13.0,True,10.0,12,7,10,Alpine_2025,7,balanced,1,16.0,7.0,12,0.5833333333333334,13.0
2025,Mexico,10,GAS,Pierre Gasly,Alpine,18.0,15.0,Lapped,0.0,15.0,False,18.0,13,7,10,Alpine_2025,7,balanced,1,14.0,7.0,13,0.5384615384615384,15.0
2025,Miami,10,GAS,Pierre Gasly,Alpine,20.0,13.0,Finished,0.0,13.0,True,18.0,14,7,10,Alpine_2025,7,balanced,1,13.666666666666666,8.0,14,0.5714285714285714,13.0
2025,Monaco,10,GAS,Pierre Gasly,Alpine,17.0,20.0,Retired,0.0,20.0,False,18.0,15,7,10,Alpine_2025,7,technical,2,13.666666666666666,8.0,15,0.5333333333333333,20.0
2025,Netherlands,10,GAS,Pierre Gasly,Alpine,14.0,17.0,Finished,0.0,17.0,True,14.0,16,7,10,Alpine_2025,7,balanced,1,16.0,9.0,16,0.5625,17.0
2025,Saudi Arabia,10,GAS,Pierre Gasly,Alpine,9.0,20.0,Retired,0.0,20.0,False,9.0,17,7,10,Alpine_2025,7,balanced,1,16.666666666666668,9.0,17,0.5294117647058824,20.0
2025,Singapore,10,GAS,Pierre Gasly,Alpine,19.0,19.0,Lapped,0.0,19.0,False,18.0,18,7,10,Alpine_2025,7,technical,2,19.0,10.0,18,0.5555555555555556,19.0
2025,Spain,10,GAS,Pierre Gasly,Alpine,8.0,8.0,Finished,4.0,8.0,True,8.0,19,7,10,Alpine_2025,7,high_speed,0,18.666666666666668,11.0,19,0.5789473684210527,8.0
2025,São Paulo,10,GAS,Pierre Gasly,Alpine,9.0,10.0,Finished,1.0,10.0,True,9.0,20,7,10,Alpine_2025,7,balanced,1,15.666666666666666,11.0,20,0.55,10.0
2025,United States,10,GAS,Pierre Gasly,Alpine,14.0,19.0,Lapped,0.0,19.0,False,14.0,21,7,10,Alpine_2025,7,balanced,1,12.333333333333334,11.0,21,0.5238095238095238,19.0
2025,Australia,6,HAD,Isack Hadjar,Racing Bulls,11.0,20.0,Retired,0.0,20.0,False,11.0,0,8,19,Racing Bulls_2025,8,balanced,1,,,0,0.0,20.0
2025,Austria,6,HAD,Isack Hadjar,Racing Bulls,13.0,12.0,Lapped,0.0,12.0,False,13.0,1,8,19,Racing Bulls_2025,8,balanced,1,20.0,1.0,1,1.0,12.0
2025,Azerbaijan,6,HAD,Isack Hadjar,Racing Bulls,8.0,10.0,Finished,1.0,10.0,True,8.0,2,8,19,Racing Bulls_2025,8,balanced,1,16.0,2.0,2,1.0,10.0
2025,Bahrain,6,HAD,Isack Hadjar,Racing Bulls,12.0,13.0,Finished,0.0,13.0,True,12.0,3,8,19,Racing Bulls_2025,8,balanced,1,14.0,2.0,3,0.6666666666666666,13.0
2025,Belgium,6,HAD,Isack Hadjar,Racing Bulls,8.0,20.0,Lapped,0.0,20.0,False,8.0,4,8,19,Racing Bulls_2025,8,balanced,1,11.666666666666666,2.0,4,0.5,20.0
2025,Canada,6,HAD,Isack Hadjar,Racing Bulls,12.0,16.0,Lapped,0.0,16.0,False,9.0,5,8,19,Racing Bulls_2025,8,balanced,1,14.333333333333334,3.0,5,0.6,16.0
2025,China,6,HAD,Isack Hadjar,Racing Bulls,7.0,11.0,Finished,0.0,11.0,True,7.0,6,8,19,Racing Bulls_2025,8,balanced,1,16.333333333333332,4.0,6,0.6666666666666666,11.0
2025,Emilia Romagna,6,HAD,Isack Hadjar,Racing Bulls,9.0,9.0,Finished,2.0,9.0,True,9.0,7,8,19,Racing Bulls_2025,8,balanced,1,15.666666666666666,4.0,7,0.5714285714285714,9.0
2025,Great Britain,6,HAD,Isack Hadjar,Racing Bulls,13.0,12.0,Lapped,0.0,12.0,False,13.0,8,8,19,Racing Bulls_2025,8,balanced,1,12.0,4.0,8,0.5,12.0
2025,Hungary,6,HAD,Isack Hadjar,Racing Bulls,10.0,11.0,Lapped,0.0,11.0,False,10.0,9,8,19,Racing Bulls_2025,8,technical,2,10.666666666666666,5.0,9,0.5555555555555556,11.0
2025,Italy,6,HAD,Isack Hadjar,Racing Bulls,19.0,10.0,Finished,1.0,10.0,True,16.0,10,8,19,Racing Bulls_2025,8,balanced,1,10.666666666666666,6.0,10,0.6,10.0
2025,Japan,6,HAD,Isack Hadjar,Racing Bulls,7.0,8.0,Finished,4.0,8.0,True,7.0,11,8,19,Racing Bulls_2025,8,balanced,1,11.0,6.0,11,0.5454545454545454,8.0
2025,Las Vegas,6,HAD,Isack Hadjar,Racing Bulls,8.0,6.0,Finished,8.0,6.0,True,8.0,12,8,19,Racing Bulls_2025,8,balanced,1,9.666666666666666,6.0,12,0.5,6.0
2025,Mexico,6,HAD,Isack Hadjar,Racing Bulls,8.0,13.0,Lapped,0.0,13.0,False,9.0,13,8,19,Racing Bulls_2025,8,balanced,1,8.0,6.0,13,0.46153846153846156,13.0
2025,Miami,6,HAD,Isack Hadjar,Racing Bulls,11.0,11.0,Finished,0.0,11.0,True,11.0,14,8,19,Racing Bulls_2025,8,balanced,1,9.0,7.0,14,0.5,11.0
2025,Monaco,6,HAD,Isack Hadjar,Racing Bulls,5.0,6.0,Lapped,8.0,6.0,False,6.0,15,8,19,Racing Bulls_2025,8,technical,2,10.0,7.0,15,0.4666666666666667,6.0
2025,Netherlands,6,HAD,Isack Hadjar,Racing Bulls,4.0,3.0,Finished,15.0,3.0,True,4.0,16,8,19,Racing Bulls_2025,8,balanced,1,10.0,8.0,16,0.5,3.0
2025,Saudi Arabia,6,HAD,Isack Hadjar,Racing Bulls,14.0,10.0,Finished,1.0,10.0,True,14.0,17,8,19,Racing Bulls_2025,8,balanced,1,6.666666666666667,8.0,17,0.47058823529411764,10.0
2025,Singapore,6,HAD,Isack Hadjar,Racing Bulls,8.0,11.0,Lapped,0.0,11.0,False,8.0,18,8,19,Racing Bulls_2025,8,technical,2,6.333333333333333,8.0,18,0.4444444444444444,11.0
2025,Spain,6,HAD,Isack Hadjar,Racing Bulls,9.0,7.0,Finished,6.0,7.0,True,9.0,19,8,19,Racing Bulls_2025,8,high_speed,0,8.0,9.0,19,0.47368421052631576,7.0
2025,São Paulo,6,HAD,Isack Hadjar,Racing Bulls,5.0,8.0,Finished,4.0,8.0,True,5.0,20,8,19,Racing Bulls_2025,8,balanced,1,9.333333333333334,9.0,20,0.45,8.0
2025,United States,6,HAD,Isack Hadjar,Racing Bulls,20.0,16.0,Finished,0.0,16.0,True,20.0,21,8,19,Racing Bulls_2025,8,balanced,1,8.666666666666666,9.0,21,0.42857142857142855,16.0
2025,Australia,44,HAM,Lewis Hamilton,Ferrari,8.0,10.0,Finished,1.0,10.0,True,8.0,0,6,9,Ferrari_2025,6,balanced,1,,,0,0.0,10.0
2025,Austria,44,HAM,Lewis Hamilton,Ferrari,4.0,4.0,Finished,12.0,4.0,True,4.0,1,6,9,Ferrari_2025,6,balanced,1,10.0,0.0,1,0.0,4.0
2025,Azerbaijan,44,HAM,Lewis Hamilton,Ferrari,12.0,8.0,Finished,4.0,8.0,True,12.0,2,6,9,Ferrari_2025,6,balanced,1,7.0,0.0,2,0.0,8.0
2025,Bahrain,44,HAM,Lewis Hamilton,Ferrari,9.0,5.0,Finished,10.0,5.0,True,9.0,3,6,9,Ferrari_2025,6,balanced,1,7.333333333333333,0.0,3,0.0,5.0
2025,Belgium,44,HAM,Lewis Hamilton,Ferrari,18.0,7.0,Finished,6.0,7.0,True,16.0,4,6,9,Ferrari_2025,6,balanced,1,5.666666666666667,0.0,4,0.0,7.0
2025,Canada,44,HAM,Lewis Hamilton,Ferrari,5.0,6.0,Finished,8.0,6.0,True,5.0,5,6,9,Ferrari_2025,6,balanced,1,6.666666666666667,0.0,5,0.0,6.0
2025,China,44,HAM,Lewis Hamilton,Ferrari,5.0,19.0,Disqualified,0.0,19.0,False,5.0,6,6,9,Ferrari_2025,6,balanced,1,6.0,0.0,6,0.0,19.0
2025,Emilia Romagna,44,HAM,Lewis Hamilton,Ferrari,12.0,4.0,Finished,12.0,4.0,True,12.0,7,6,9,Ferrari_2025,6,balanced,1,10.666666666666666,1.0,7,0.14285714285714285,4.0
2025,Great Britain,44,HAM,Lewis Hamilton,Ferrari,4.0,4.0,Finished,12.0,4.0,True,4.0,8,6,9,Ferrari_2025,6,balanced,1,9.666666666666666,1.0,8,0.125,4.0
2025,Hungary,44,HAM,Lewis Hamilton,Ferrari,12.0,12.0,Lapped,0.0,12.0,False,12.0,9,6,9,Ferrari_2025,6,technical,2,9.0,1.0,9,0.1111111111111111,12.0
2025,Italy,44,HAM,Lewis Hamilton,Ferrari,10.0,6.0,Finished,8.0,6.0,True,5.0,10,6,9,Ferrari_2025,6,balanced,1,6.666666666666667,2.0,10,0.2,6.0
2025,Japan,44,HAM,Lewis Hamilton,Ferrari,8.0,7.0,Finished,6.0,7.0,True,8.0,11,6,9,Ferrari_2025,6,balanced,1,7.333333333333333,2.0,11,0.18181818181818182,7.0
2025,Las Vegas,44,HAM,Lewis Hamilton,Ferrari,19.0,8.0,Finished,4.0,8.0,True,20.0,12,6,9,Ferrari_2025,6,balanced,1,8.333333333333334,2.0,12,0.16666666666666666,8.0
2025,Mexico,44,HAM,Lewis Hamilton,Ferrari,3.0,8.0,Finished,4.0,8.0,True,3.0,13,6,9,Ferrari_2025,6,balanced,1,7.0,2.0,13,0.15384615384615385,8.0
2025,Miami,44,HAM,Lewis Hamilton,Ferrari,12.0,8.0,Finished,4.0,8.0,True,12.0,14,6,9,Ferrari_2025,6,balanced,1,7.666666666666667,2.0,14,0.14285714285714285,8.0
2025,Monaco,44,HAM,Lewis Hamilton,Ferrari,7.0,5.0,Finished,10.0,5.0,True,4.0,15,6,9,Ferrari_2025,6,technical,2,8.0,2.0,15,0.13333333333333333,5.0
2025,Netherlands,44,HAM,Lewis Hamilton,Ferrari,7.0,20.0,Retired,0.0,20.0,False,7.0,16,6,9,Ferrari_2025,6,balanced,1,7.0,2.0,16,0.125,20.0
2025,Saudi Arabia,44,HAM,Lewis Hamilton,Ferrari,7.0,7.0,Finished,6.0,7.0,True,7.0,17,6,9,Ferrari_2025,6,balanced,1,11.0,3.0,17,0.17647058823529413,7.0
2025,Singapore,44,HAM,Lewis Hamilton,Ferrari,6.0,8.0,Finished,4.0,8.0,True,6.0,18,6,9,Ferrari_2025,6,technical,2,10.666666666666666,3.0,18,0.16666666666666666,8.0
2025,Spain,44,HAM,Lewis Hamilton,Ferrari,5.0,6.0,Finished,8.0,6.0,True,5.0,19,6,9,Ferrari_2025,6,high_speed,0,11.666666666666666,3.0,19,0.15789473684210525,6.0
2025,São Paulo,44,HAM,Lewis Hamilton,Ferrari,13.0,18.0,Retired,0.0,18.0,False,13.0,20,6,9,Ferrari_2025,6,balanced,1,7.0,3.0,20,0.15,18.0
2025,United States,44,HAM,Lewis Hamilton,Ferrari,5.0,4.0,Finished,12.0,4.0,True,5.0,21,6,9,Ferrari_2025,6,balanced,1,10.666666666666666,4.0,21,0.19047619047619047,4.0
2025,Australia,27,HUL,Nico Hulkenberg,Kick Sauber,17.0,7.0,Finished,6.0,7.0,True,17.0,0,5,6,Kick Sauber_2025,5,balanced,1,,,0,0.0,7.0
2025,Austria,27,HUL,Nico Hulkenberg,Kick Sauber,20.0,9.0,Lapped,2.0,9.0,False,20.0,1,5,6,Kick Sauber_2025,5,balanced,1,7.0,0.0,1,0.0,9.0
2025,Azerbaijan,27,HUL,Nico Hulkenberg,Kick Sauber,17.0,16.0,Finished,0.0,16.0,True,17.0,2,5,6,Kick Sauber_2025,5,balanced,1,8.0,1.0,2,0.5,16.0
2025,Bahrain,27,HUL,Nico Hulkenberg,Kick Sauber,16.0,20.0,Disqualified,0.0,20.0,False,16.0,3,5,6,Kick Sauber_2025,5,balanced,1,10.666666666666666,1.0,3,0.3333333333333333,20.0
2025,Belgium,27,HUL,Nico Hulkenberg,Kick Sauber,14.0,12.0,Finished,0.0,12.0,True,14.0,4,5,6,Kick Sauber_2025,5,balanced,1,15.0,2.0,4,0.5,12.0
2025,Canada,27,HUL,Nico Hulkenberg,Kick Sauber,11.0,8.0,Finished,4.0,8.0,True,13.0,5,5,6,Kick Sauber_2025,5,balanced,1,16.0,2.0,5,0.4,8.0
2025,China,27,HUL,Nico Hulkenberg,Kick Sauber,12.0,15.0,Lapped,0.0,15.0,False,12.0,6,5,6,Kick Sauber_2025,5,balanced,1,13.333333333333334,2.0,6,0.3333333333333333,15.0
2025,Emilia Romagna,27,HUL,Nico Hulkenberg,Kick Sauber,17.0,12.0,Finished,0.0,12.0,True,17.0,7,5,6,Kick Sauber_2025,5,balanced,1,11.666666666666666,3.0,7,0.42857142857142855,12.0
2025,Great Britain,27,HUL,Nico Hulkenberg,Kick Sauber,20.0,9.0,Lapped,2.0,9.0,False,20.0,8,5,6,Kick Sauber_2025,5,balanced,1,11.666666666666666,3.0,8,0.375,9.0
2025,Hungary,27,HUL,Nico Hulkenberg,Kick Sauber,18.0,13.0,Lapped,0.0,13.0,False,19.0,9,5,6,Kick Sauber_2025,5,technical,2,12.0,4.0,9,0.4444444444444444,13.0
2025,Italy,27,HUL,Nico Hulkenberg,Kick Sauber,12.0,20.0,Did not start,0.0,20.0,False,12.0,10,5,6,Kick Sauber_2025,5,balanced,1,11.333333333333334,5.0,10,0.5,20.0
2025,Japan,27,HUL,Nico Hulkenberg,Kick Sauber,16.0,16.0,Finished,0.0,16.0,True,16.0,11,5,6,Kick Sauber_2025,5,balanced,1,14.0,6.0,11,0.5454545454545454,16.0
2025,Las Vegas,27,HUL,Nico Hulkenberg,Kick Sauber,11.0,7.0,Finished,6.0,7.0,True,11.0,12,5,6,Kick Sauber_2025,5,balanced,1,16.333333333333332,6.0,12,0.5,7.0
2025,Mexico,27,HUL,Nico Hulkenberg,Kick Sauber,13.0,19.0,Retired,0.0,19.0,False,13.0,13,5,6,Kick Sauber_2025,5,balanced,1,14.333333333333334,6.0,13,0.46153846153846156,19.0
2025,Miami,27,HUL,Nico Hulkenberg,Kick Sauber,16.0,14.0,Lapped,0.0,14.0,False,16.0,14,5,6,Kick Sauber_2025,5,balanced,1,14.0,7.0,14,0.5,14.0
2025,Monaco,27,HUL,Nico Hulkenberg,Kick Sauber,13.0,16.0,Lapped,0.0,16.0,False,13.0,15,5,6,Kick Sauber_2025,5,technical,2,13.333333333333334,8.0,15,0.5333333333333333,16.0
2025,Netherlands,27,HUL,Nico Hulkenberg,Kick Sauber,17.0,14.0,Finished,0.0,14.0,True,17.0,16,5,6,Kick Sauber_2025,5,balanced,1,16.333333333333332,9.0,16,0.5625,14.0
2025,Saudi Arabia,27,HUL,Nico Hulkenberg,Kick Sauber,18.0,15.0,Lapped,0.0,15.0,False,18.0,17,5,6,Kick Sauber_2025,5,balanced,1,14.666666666666666,9.0,17,0.5294117647058824,15.0
2025,Singapore,27,HUL,Nico Hulkenberg,Kick Sauber,11.0,20.0,Lapped,0.0,20.0,False,11.0,18,5,6,Kick Sauber_2025,5,technical,2,15.0,10.0,18,0.5555555555555556,20.0
2025,Spain,27,HUL,Nico Hulkenberg,Kick Sauber,15.0,5.0,Finished,10.0,5.0,True,16.0,19,5,6,Kick Sauber_2025,5,high_speed,0,16.333333333333332,11.0,19,0.5789473684210527,5.0
2025,São Paulo,27,HUL,Nico Hulkenberg,Kick Sauber,10.0,9.0,Finished,2.0,9.0,True,10.0,20,5,6,Kick Sauber_2025,5,balanced,1,13.333333333333334,11.0,20,0.55,9.0
2025,United States,27,HUL,Nico Hulkenberg,Kick Sauber,11.0,8.0,Finished,4.0,8.0,True,11.0,21,5,6,Kick Sauber_2025,5,balanced,1,11.333333333333334,11.0,21,0.5238095238095238,8.0
2025,Australia,30,LAW,Liam Lawson,Red Bull Racing,18.0,15.0,Retired,0.0,15.0,False,18.0,0,1,14,Red Bull Racing_2025,1,balanced,1,,,0,0.0,15.0
2025,Austria,30,LAW,Liam Lawson,Racing Bulls,6.0,6.0,Finished,8.0,6.0,True,6.0,1,8,14,Racing Bulls_2025,8,balanced,1,15.0,1.0,1,1.0,6.0
2025,Azerbaijan,30,LAW,Liam Lawson,Racing Bulls,3.0,5.0,Finished,10.0,5.0,True,3.0,2,8,14,Racing Bulls_2025,8,balanced,1,10.5,1.0,2,0.5,5.0
2025,Bahrain,30,LAW,Liam Lawson,Racing Bulls,17.0,16.0,Finished,0.0,16.0,True,17.0,3,8,14,Racing Bulls_2025,8,balanced,1,8.666666666666666,1.0,3,0.3333333333333333,16.0
2025,Belgium,30,LAW,Liam Lawson,Racing Bulls,9.0,8.0,Finished,4.0,8.0,True,9.0,4,8,14,Racing Bulls_2025,8,balanced,1,9.0,1.0,4,0.25,8.0
2025,Canada,30,LAW,Liam Lawson,Racing Bulls,19.0,19.0,Retired,0.0,19.0,False,19.0,5,8,14,Racing Bulls_2025,8,balanced,1,9.666666666666666,1.0,5,0.2,19.0
2025,China,30,LAW,Liam Lawson,Red Bull Racing,20.0,12.0,Finished,0.0,12.0,True,20.0,6,1,14,Red Bull Racing_2025,1,balanced,1,14.333333333333334,2.0,6,0.3333333333333333,12.0
2025,Emilia Romagna,30,LAW,Liam Lawson,Racing Bulls,15.0,14.0,Finished,0.0,14.0,True,16.0,7,8,14,Racing Bulls_2025,8,balanced,1,13.0,2.0,7,0.2857142857142857,14.0
2025,Great Britain,30,LAW,Liam Lawson,Racing Bulls,6.0,6.0,Finished,8.0,6.0,True,6.0,8,8,14,Racing Bulls_2025,8,balanced,1,15.0,2.0,8,0.25,6.0
2025,Hungary,30,LAW,Liam Lawson,Racing Bulls,9.0,8.0,Finished,4.0,8.0,True,9.0,9,8,14,Racing Bulls_2025,8,technical,2,10.666666666666666,2.0,9,0.2222222222222222,8.0
2025,Italy,30,LAW,Liam Lawson,Racing Bulls,18.0,14.0,Finished,0.0,14.0,True,20.0,10,8,14,Racing Bulls_2025,8,balanced,1,9.333333333333334,2.0,10,0.2,14.0
2025,Japan,30,LAW,Liam Lawson,Racing Bulls,13.0,17.0,Finished,0.0,17.0,True,14.0,11,8,14,Racing Bulls_2025,8,balanced,1,9.333333333333334,2.0,11,0.18181818181818182,17.0
2025,Las Vegas,30,LAW,Liam Lawson,Racing Bulls,6.0,14.0,Lapped,0.0,14.0,False,6.0,12,8,14,Racing Bulls_2025,8,balanced,1,13.0,2.0,12,0.16666666666666666,14.0
2025,Mexico,30,LAW,Liam Lawson,Racing Bulls,15.0,20.0,Retired,0.0,20.0,False,15.0,13,8,14,Racing Bulls_2025,8,balanced,1,15.0,3.0,13,0.23076923076923078,20.0
2025,Miami,30,LAW,Liam Lawson,Racing Bulls,15.0,17.0,Retired,0.0,17.0,False,15.0,14,8,14,Racing Bulls_2025,8,balanced,1,17.0,4.0,14,0.2857142857142857,17.0
2025,Monaco,30,LAW,Liam Lawson,Racing Bulls,9.0,8.0,Lapped,4.0,8.0,False,9.0,15,8,14,Racing Bulls_2025,8,technical,2,17.0,5.0,15,0.3333333333333333,8.0
2025,Netherlands,30,LAW,Liam Lawson,Racing Bulls,8.0,12.0,Finished,0.0,12.0,True,8.0,16,8,14,Racing Bulls_2025,8,balanced,1,15.0,6.0,16,0.375,12.0
2025,Saudi Arabia,30,LAW,Liam Lawson,Racing Bulls,12.0,12.0,Finished,0.0,12.0,True,12.0,17,8,14,Racing Bulls_2025,8,balanced,1,12.333333333333334,6.0,17,0.35294117647058826,12.0
2025,Singapore,30,LAW,Liam Lawson,Racing Bulls,12.0,15.0,Lapped,0.0,15.0,False,12.0,18,8,14,Racing Bulls_2025,8,technical,2,10.666666666666666,6.0,18,0.3333333333333333,15.0
2025,Spain,30,LAW,Liam Lawson,Racing Bulls,13.0,11.0,Finished,0.0,11.0,True,13.0,19,8,14,Racing Bulls_2025,8,high_speed,0,13.0,7.0,19,0.3684210526315789,11.0
2025,São Paulo,30,LAW,Liam Lawson,Racing Bulls,7.0,7.0,Finished,6.0,7.0,True,7.0,20,8,14,Racing Bulls_2025,8,balanced,1,12.666666666666666,7.0,20,0.35,7.0
2025,United States,30,LAW,Liam Lawson,Racing Bulls,12.0,11.0,Finished,0.0,11.0,True,12.0,21,8,14,Racing Bulls_2025,8,balanced,1,11.0,7.0,21,0.3333333333333333,11.0
2025,Australia,16,LEC,Charles Leclerc,Ferrari,7.0,8.0,Finished,4.0,8.0,True,7.0,0,6,7,Ferrari_2025,6,balanced,1,,,0,0.0,8.0
2025,Austria,16,LEC,Charles Leclerc,Ferrari,2.0,3.0,Finished,15.0,3.0,True,2.0,1,6,7,Ferrari_2025,6,balanced,1,8.0,0.0,1,0.0,3.0
2025,Azerbaijan,16,LEC,Charles Leclerc,Ferrari,10.0,9.0,Finished,2.0,9.0,True,10.0,2,6,7,Ferrari_2025,6,balanced,1,5.5,0.0,2,0.0,9.0
2025,Bahrain,16,LEC,Charles Leclerc,Ferrari,2.0,4.0,Finished,12.0,4.0,True,3.0,3,6,7,Ferrari_2025,6,balanced,1,6.666666666666667,0.0,3,0.0,4.0
2025,Belgium,16,LEC,Charles Leclerc,Ferrari,3.0,3.0,Finished,15.0,3.0,True,3.0,4,6,7,Ferrari_2025,6,balanced,1,5.333333333333333,0.0,4,0.0,3.0
2025,Canada,16,LEC,Charles Leclerc,Ferrari,8.0,5.0,Finished,10.0,5.0,True,8.0,5,6,7,Ferrari_2025,6,balanced,1,5.333333333333333,0.0,5,0.0,5.0
2025,China,16,LEC,Charles Leclerc,Ferrari,6.0,18.0,Disqualified,0.0,18.0,False,6.0,6,6,7,Ferrari_2025,6,balanced,1,4.0,0.0,6,0.0,18.0
2025,Emilia Romagna,16,LEC,Charles Leclerc,Ferrari,11.0,6.0,Finished,8.0,6.0,True,11.0,7,6,7,Ferrari_2025,6,balanced,1,8.666666666666666,1.0,7,0.14285714285714285,6.0
2025,Great Britain,16,LEC,Charles Leclerc,Ferrari,2.0,3.0,Finished,15.0,3.0,True,2.0,8,6,7,Ferrari_2025,6,balanced,1,9.666666666666666,1.0,8,0.125,3.0
2025,Hungary,16,LEC,Charles Leclerc,Ferrari,1.0,4.0,Finished,12.0,4.0,True,1.0,9,6,7,Ferrari_2025,6,technical,2,9.0,1.0,9,0.1111111111111111,4.0
2025,Italy,16,LEC,Charles Leclerc,Ferrari,4.0,4.0,Finished,12.0,4.0,True,4.0,10,6,7,Ferrari_2025,6,balanced,1,4.333333333333333,1.0,10,0.1,4.0
2025,Japan,16,LEC,Charles Leclerc,Ferrari,4.0,4.0,Finished,12.0,4.0,True,4.0,11,6,7,Ferrari_2025,6,balanced,1,3.6666666666666665,1.0,11,0.09090909090909091,4.0
2025,Las Vegas,16,LEC,Charles Leclerc,Ferrari,9.0,4.0,Finished,12.0,4.0,True,9.0,12,6,7,Ferrari_2025,6,balanced,1,4.0,1.0,12,0.08333333333333333,4.0
2025,Mexico,16,LEC,Charles Leclerc,Ferrari,2.0,2.0,Finished,18.0,2.0,True,2.0,13,6,7,Ferrari_2025,6,balanced,1,4.0,1.0,13,0.07692307692307693,2.0
2025,Miami,16,LEC,Charles Leclerc,Ferrari,8.0,7.0,Finished,6.0,7.0,True,8.0,14,6,7,Ferrari_2025,6,balanced,1,3.3333333333333335,1.0,14,0.07142857142857142,7.0
2025,Monaco,16,LEC,Charles Leclerc,Ferrari,2.0,2.0,Finished,18.0,2.0,True,2.0,15,6,7,Ferrari_2025,6,technical,2,4.333333333333333,1.0,15,0.06666666666666667,2.0
2025,Netherlands,16,LEC,Charles Leclerc,Ferrari,6.0,19.0,Retired,0.0,19.0,False,6.0,16,6,7,Ferrari_2025,6,balanced,1,3.6666666666666665,1.0,16,0.0625,19.0
2025,Saudi Arabia,16,LEC,Charles Leclerc,Ferrari,4.0,3.0,Finished,15.0,3.0,True,4.0,17,6,7,Ferrari_2025,6,balanced,1,9.333333333333334,2.0,17,0.11764705882352941,3.0
2025,Singapore,16,LEC,Charles Leclerc,Ferrari,7.0,6.0,Finished,8.0,6.0,True,7.0,18,6,7,Ferrari_2025,6,technical,2,8.0,2.0,18,0.1111111111111111,6.0
2025,Spain,16,LEC,Charles Leclerc,Ferrari,7.0,3.0,Finished,15.0,3.0,True,7.0,19,6,7,Ferrari_2025,6,high_speed,0,9.333333333333334,2.0,19,0.10526315789473684,3.0
2025,São Paulo,16,LEC,Charles Leclerc,Ferrari,3.0,19.0,Retired,0.0,19.0,False,3.0,20,6,7,Ferrari_2025,6,balanced,1,4.0,2.0,20,0.1,19.0
2025,United States,16,LEC,Charles Leclerc,Ferrari,3.0,3.0,Finished,15.0,3.0,True,3.0,21,6,7,Ferrari_2025,6,balanced,1,9.333333333333334,3.0,21,0.14285714285714285,3.0
2025,Australia,4,NOR,Lando Norris,McLaren,1.0,1.0,Finished,25.0,1.0,True,1.0,0,0,0,McLaren_2025,0,balanced,1,,,0,0.0,1.0
2025,Austria,4,NOR,Lando Norris,McLaren,1.0,1.0,Finished,25.0,1.0,True,1.0,1,0,0,McLaren_2025,0,balanced,1,1.0,0.0,1,0.0,1.0
2025,Azerbaijan,4,NOR,Lando Norris,McLaren,7.0,7.0,Finished,6.0,7.0,True,7.0,2,0,0,McLaren_2025,0,balanced,1,1.0,0.0,2,0.0,7.0
2025,Bahrain,4,NOR,Lando Norris,McLaren,6.0,3.0,Finished,15.0,3.0,True,6.0,3,0,0,McLaren_2025,0,balanced,1,3.0,0.0,3,0.0,3.0
2025,Belgium,4,NOR,Lando Norris,McLaren,1.0,2.0,Finished,18.0,2.0,True,1.0,4,0,0,McLaren_2025,0,balanced,1,3.6666666666666665,0.0,4,0.0,2.0
2025,Canada,4,NOR,Lando Norris,McLaren,7.0,18.0,Retired,0.0,18.0,False,7.0,5,0,0,McLaren_2025,0,balanced,1,4.0,0.0,5,0.0,18.0
2025,China,4,NOR,Lando Norris,McLaren,3.0,2.0,Finished,18.0,2.0,True,3.0,6,0,0,McLaren_2025,0,balanced,1,7.666666666666667,1.0,6,0.16666666666666666,2.0
2025,Emilia Romagna,4,NOR,Lando Norris,McLaren,4.0,2.0,Finished,18.0,2.0,True,4.0,7,0,0,McLaren_2025,0,balanced,1,7.333333333333333,1.0,7,0.14285714285714285,2.0
2025,Great Britain,4,NOR,Lando Norris,McLaren,1.0,1.0,Finished,25.0,1.0,True,1.0,8,0,0,McLaren_2025,0,balanced,1,7.333333333333333,1.0,8,0.125,1.0
2025,Hungary,4,NOR,Lando Norris,McLaren,3.0,1.0,Finished,25.0,1.0,True,3.0,9,0,0,McLaren_2025,0,technical,2,1.6666666666666667,1.0,9,0.1111111111111111,1.0
2025,Italy,4,NOR,Lando Norris,McLaren,2.0,2.0,Finished,18.0,2.0,True,2.0,10,0,0,McLaren_2025,0,balanced,1,1.3333333333333333,1.0,10,0.1,2.0
2025,Japan,4,NOR,Lando Norris,McLaren,2.0,2.0,Finished,18.0,2.0,True,2.0,11,0,0,McLaren_2025,0,balanced,1,1.3333333333333333,1.0,11,0.09090909090909091,2.0
2025,Las Vegas,4,NOR,Lando Norris,McLaren,1.0,19.0,Disqualified,0.0,19.0,False,1.0,12,0,0,McLaren_2025,0,balanced,1,1.6666666666666667,1.0,12,0.08333333333333333,19.0
2025,Mexico,4,NOR,Lando Norris,McLaren,1.0,1.0,Finished,25.0,1.0,True,1.0,13,0,0,McLaren_2025,0,balanced,1,7.666666666666667,2.0,13,0.15384615384615385,1.0
2025,Miami,4,NOR,Lando Norris,McLaren,2.0,2.0,Finished,18.0,2.0,True,2.0,14,0,0,McLaren_2025,0,balanced,1,7.333333333333333,2.0,14,0.14285714285714285,2.0
2025,Monaco,4,NOR,Lando Norris,McLaren,1.0,1.0,Finished,25.0,1.0,True,1.0,15,0,0,McLaren_2025,0,technical,2,7.333333333333333,2.0,15,0.13333333333333333,1.0
2025,Netherlands,4,NOR,Lando Norris,McLaren,2.0,18.0,Retired,0.0,18.0,False,2.0,16,0,0,McLaren_2025,0,balanced,1,1.3333333333333333,2.0,16,0.125,18.0
2025,Saudi Arabia,4,NOR,Lando Norris,McLaren,10.0,4.0,Finished,12.0,4.0,True,10.0,17,0,0,McLaren_2025,0,balanced,1,7.0,3.0,17,0.17647058823529413,4.0
2025,Singapore,4,NOR,Lando Norris,McLaren,5.0,3.0,Finished,15.0,3.0,True,5.0,18,0,0,McLaren_2025,0,technical,2,7.666666666666667,3.0,18,0.16666666666666666,3.0
2025,Spain,4,NOR,Lando Norris,McLaren,2.0,2.0,Finished,18.0,2.0,True,2.0,19,0,0,McLaren_2025,0,high_speed,0,8.333333333333334,3.0,19,0.15789473684210525,2.0
2025,São Paulo,4,NOR,Lando Norris,McLaren,1.0,1.0,Finished,25.0,1.0,True,1.0,20,0,0,McLaren_2025,0,balanced,1,3.0,3.0,20,0.15,1.0
2025,United States,4,NOR,Lando Norris,McLaren,2.0,2.0,Finished,18.0,2.0,True,2.0,21,0,0,McLaren_2025,0,balanced,1,2.0,3.0,21,0.14285714285714285,2.0
2025,Australia,31,OCO,Esteban Ocon,Haas F1 Team,19.0,13.0,Finished,0.0,13.0,True,19.0,0,9,12,Haas F1 Team_2025,9,balanced,1,,,0,0.0,13.0
2025,Austria,31,OCO,Esteban Ocon,Haas F1 Team,17.0,10.0,Lapped,1.0,10.0,False,17.0,1,9,12,Haas F1 Team_2025,9,balanced,1,13.0,0.0,1,0.0,10.0
2025,Azerbaijan,31,OCO,Esteban Ocon,Haas F1 Team,20.0,14.0,Finished,0.0,14.0,True,20.0,2,9,12,Haas F1 Team_2025,9,balanced,1,11.5,1.0,2,0.5,14.0
2025,Bahrain,31,OCO,Esteban Ocon,Haas F1 Team,14.0,8.0,Finished,4.0,8.0,True,14.0,3,9,12,Haas F1 Team_2025,9,balanced,1,12.333333333333334,1.0,3,0.3333333333333333,8.0
2025,Belgium,31,OCO,Esteban Ocon,Haas F1 Team,11.0,15.0,Finished,0.0,15.0,True,11.0,4,9,12,Haas F1 Team_2025,9,balanced,1,10.666666666666666,1.0,4,0.25,15.0
2025,Canada,31,OCO,Esteban Ocon,Haas F1 Team,14.0,9.0,Lapped,2.0,9.0,False,15.0,5,9,12,Haas F1 Team_2025,9,balanced,1,12.333333333333334,1.0,5,0.2,9.0
2025,China,31,OCO,Esteban Ocon,Haas F1 Team,11.0,5.0,Finished,10.0,5.0,True,11.0,6,9,12,Haas F1 Team_2025,9,balanced,1,10.666666666666666,2.0,6,0.3333333333333333,5.0
2025,Emilia Romagna,31,OCO,Esteban Ocon,Haas F1 Team,18.0,20.0,Retired,0.0,20.0,False,18.0,7,9,12,Haas F1 Team_2025,9,balanced,1,9.666666666666666,2.0,7,0.2857142857142857,20.0
2025,Great Britain,31,OCO,Esteban Ocon,Haas F1 Team,17.0,10.0,Lapped,1.0,10.0,False,17.0,8,9,12,Haas F1 Team_2025,9,balanced,1,11.333333333333334,3.0,8,0.375,10.0
2025,Hungary,31,OCO,Esteban Ocon,Haas F1 Team,17.0,16.0,Lapped,0.0,16.0,False,18.0,9,9,12,Haas F1 Team_2025,9,technical,2,11.666666666666666,4.0,9,0.4444444444444444,16.0
2025,Italy,31,OCO,Esteban Ocon,Haas F1 Team,15.0,15.0,Lapped,0.0,15.0,False,15.0,10,9,12,Haas F1 Team_2025,9,balanced,1,15.333333333333334,5.0,10,0.5,15.0
2025,Japan,31,OCO,Esteban Ocon,Haas F1 Team,18.0,18.0,Finished,0.0,18.0,True,18.0,11,9,12,Haas F1 Team_2025,9,balanced,1,13.666666666666666,6.0,11,0.5454545454545454,18.0
2025,Las Vegas,31,OCO,Esteban Ocon,Haas F1 Team,13.0,9.0,Finished,2.0,9.0,True,13.0,12,9,12,Haas F1 Team_2025,9,balanced,1,16.333333333333332,6.0,12,0.5,9.0
2025,Mexico,31,OCO,Esteban Ocon,Haas F1 Team,11.0,9.0,Finished,2.0,9.0,True,12.0,13,9,12,Haas F1 Team_2025,9,balanced,1,14.0,6.0,13,0.46153846153846156,9.0
2025,Miami,31,OCO,Esteban Ocon,Haas F1 Team,9.0,12.0,Finished,0.0,12.0,True,9.0,14,9,12,Haas F1 Team_2025,9,balanced,1,12.0,6.0,14,0.42857142857142855,12.0
2025,Monaco,31,OCO,Esteban Ocon,Haas F1 Team,8.0,7.0,Lapped,6.0,7.0,False,8.0,15,9,12,Haas F1 Team_2025,9,technical,2,10.0,6.0,15,0.4,7.0
2025,Netherlands,31,OCO,Esteban Ocon,Haas F1 Team,18.0,10.0,Finished,1.0,10.0,True,18.0,16,9,12,Haas F1 Team_2025,9,balanced,1,9.333333333333334,7.0,16,0.4375,10.0
2025,Saudi Arabia,31,OCO,Esteban Ocon,Haas F1 Team,19.0,14.0,Finished,0.0,14.0,True,19.0,17,9,12,Haas F1 Team_2025,9,balanced,1,9.666666666666666,7.0,17,0.4117647058823529,14.0
2025,Singapore,31,OCO,Esteban Ocon,Haas F1 Team,17.0,18.0,Lapped,0.0,18.0,False,17.0,18,9,12,Haas F1 Team_2025,9,technical,2,10.333333333333334,7.0,18,0.3888888888888889,18.0
2025,Spain,31,OCO,Esteban Ocon,Haas F1 Team,16.0,16.0,Finished,0.0,16.0,True,17.0,19,9,12,Haas F1 Team_2025,9,high_speed,0,14.0,8.0,19,0.42105263157894735,16.0
2025,São Paulo,31,OCO,Esteban Ocon,Haas F1 Team,20.0,12.0,Finished,0.0,12.0,True,17.0,20,9,12,Haas F1 Team_2025,9,balanced,1,16.0,8.0,20,0.4,12.0
2025,United States,31,OCO,Esteban Ocon,Haas F1 Team,17.0,15.0,Finished,0.0,15.0,True,17.0,21,9,12,Haas F1 Team_2025,9,balanced,1,15.333333333333334,8.0,21,0.38095238095238093,15.0
2025,Australia,81,PIA,Oscar Piastri,McLaren,2.0,9.0,Finished,2.0,9.0,True,2.0,0,0,8,McLaren_2025,0,balanced,1,,,0,0.0,9.0
2025,Austria,81,PIA,Oscar Piastri,McLaren,3.0,2.0,Finished,18.0,2.0,True,3.0,1,0,8,McLaren_2025,0,balanced,1,9.0,0.0,1,0.0,2.0
2025,Azerbaijan,81,PIA,Oscar Piastri,McLaren,9.0,20.0,Retired,0.0,20.0,False,9.0,2,0,8,McLaren_2025,0,balanced,1,5.5,0.0,2,0.0,20.0
2025,Bahrain,81,PIA,Oscar Piastri,McLaren,1.0,1.0,Finished,25.0,1.0,True,1.0,3,0,8,McLaren_2025,0,balanced,1,10.333333333333334,1.0,3,0.3333333333333333,1.0
2025,Belgium,81,PIA,Oscar Piastri,McLaren,2.0,1.0,Finished,25.0,1.0,True,2.0,4,0,8,McLaren_2025,0,balanced,1,7.666666666666667,1.0,4,0.25,1.0
2025,Canada,81,PIA,Oscar Piastri,McLaren,3.0,4.0,Finished,12.0,4.0,True,3.0,5,0,8,McLaren_2025,0,balanced,1,7.333333333333333,1.0,5,0.2,4.0
2025,China,81,PIA,Oscar Piastri,McLaren,1.0,1.0,Finished,25.0,1.0,True,1.0,6,0,8,McLaren_2025,0,balanced,1,2.0,1.0,6,0.16666666666666666,1.0
2025,Emilia Romagna,81,PIA,Oscar Piastri,McLaren,1.0,3.0,Finished,15.0,3.0,True,1.0,7,0,8,McLaren_2025,0,balanced,1,2.0,1.0,7,0.14285714285714285,3.0
2025,Great Britain,81,PIA,Oscar Piastri,McLaren,3.0,2.0,Finished,18.0,2.0,True,3.0,8,0,8,McLaren_2025,0,balanced,1,2.6666666666666665,1.0,8,0.125,2.0
2025,Hungary,81,PIA,Oscar Piastri,McLaren,2.0,2.0,Finished,18.0,2.0,True,2.0,9,0,8,McLaren_2025,0,technical,2,2.0,1.0,9,0.1111111111111111,2.0
2025,Italy,81,PIA,Oscar Piastri,McLaren,3.0,3.0,Finished,15.0,3.0,True,3.0,10,0,8,McLaren_2025,0,balanced,1,2.3333333333333335,1.0,10,0.1,3.0
2025,Japan,81,PIA,Oscar Piastri,McLaren,3.0,3.0,Finished,15.0,3.0,True,3.0,11,0,8,McLaren_2025,0,balanced,1,2.3333333333333335,1.0,11,0.09090909090909091,3.0
2025,Las Vegas,81,PIA,Oscar Piastri,McLaren,5.0,20.0,Disqualified,0.0,20.0,False,5.0,12,0,8,McLaren_2025,0,balanced,1,2.6666666666666665,1.0,12,0.08333333333333333,20.0
2025,Mexico,81,PIA,Oscar Piastri,McLaren,7.0,5.0,Finished,10.0,5.0,True,8.0,13,0,8,McLaren_2025,0,balanced,1,8.666666666666666,2.0,13,0.15384615384615385,5.0
2025,Miami,81,PIA,Oscar Piastri,McLaren,4.0,1.0,Finished,25.0,1.0,True,4.0,14,0,8,McLaren_2025,0,balanced,1,9.333333333333334,2.0,14,0.14285714285714285,1.0
2025,Monaco,81,PIA,Oscar Piastri,McLaren,3.0,3.0,Finished,15.0,3.0,True,3.0,15,0,8,McLaren_2025,0,technical,2,8.666666666666666,2.0,15,0.13333333333333333,3.0
2025,Netherlands,81,PIA,Oscar Piastri,McLaren,1.0,1.0,Finished,25.0,1.0,True,1.0,16,0,8,McLaren_2025,0,balanced,1,3.0,2.0,16,0.125,1.0
2025,Saudi Arabia,81,PIA,Oscar Piastri,McLaren,2.0,1.0,Finished,25.0,1.0,True,2.0,17,0,8,McLaren_2025,0,balanced,1,1.6666666666666667,2.0,17,0.11764705882352941,1.0
2025,Singapore,81,PIA,Oscar Piastri,McLaren,3.0,4.0,Finished,12.0,4.0,True,3.0,18,0,8,McLaren_2025,0,technical,2,1.6666666666666667,2.0,18,0.1111111111111111,4.0
2025,Spain,81,PIA,Oscar Piastri,McLaren,1.0,1.0,Finished,25.0,1.0,True,1.0,19,0,8,McLaren_2025,0,high_speed,0,2.0,2.0,19,0.10526315789473684,1.0
2025,São Paulo,81,PIA,Oscar Piastri,McLaren,4.0,5.0,Finished,10.0,5.0,True,4.0,20,0,8,McLaren_2025,0,balanced,1,2.0,2.0,20,0.1,5.0
2025,United States,81,PIA,Oscar Piastri,McLaren,6.0,5.0,Finished,10.0,5.0,True,6.0,21,0,8,McLaren_2025,0,balanced,1,3.3333333333333335,2.0,21,0.09523809523809523,5.0
2025,Australia,63,RUS,George Russell,Mercedes,4.0,3.0,Finished,15.0,3.0,True,4.0,0,2,2,Mercedes_2025,2,balanced,1,,,0,0.0,3.0
2025,Austria,63,RUS,George Russell,Mercedes,5.0,5.0,Finished,10.0,5.0,True,5.0,1,2,2,Mercedes_2025,2,balanced,1,3.0,0.0,1,0.0,5.0
2025,Azerbaijan,63,RUS,George Russell,Mercedes,5.0,2.0,Finished,18.0,2.0,True,5.0,2,2,2,Mercedes_2025,2,balanced,1,4.0,0.0,2,0.0,2.0
2025,Bahrain,63,RUS,George Russell,Mercedes,3.0,2.0,Finished,18.0,2.0,True,2.0,3,2,2,Mercedes_2025,2,balanced,1,3.3333333333333335,0.0,3,0.0,2.0
2025,Belgium,63,RUS,George Russell,Mercedes,6.0,5.0,Finished,10.0,5.0,True,6.0,4,2,2,Mercedes_2025,2,balanced,1,3.0,0.0,4,0.0,5.0
2025,Canada,63,RUS,George Russell,Mercedes,1.0,1.0,Finished,25.0,1.0,True,1.0,5,2,2,Mercedes_2025,2,balanced,1,3.0,0.0,5,0.0,1.0
2025,China,63,RUS,George Russell,Mercedes,2.0,3.0,Finished,15.0,3.0,True,2.0,6,2,2,Mercedes_2025,2,balanced,1,2.6666666666666665,0.0,6,0.0,3.0
2025,Emilia Romagna,63,RUS,George Russell,Mercedes,3.0,7.0,Finished,6.0,7.0,True,3.0,7,2,2,Mercedes_2025,2,balanced,1,3.0,0.0,7,0.0,7.0
2025,Great Britain,63,RUS,George Russell,Mercedes,5.0,5.0,Finished,10.0,5.0,True,5.0,8,2,2,Mercedes_2025,2,balanced,1,3.6666666666666665,0.0,8,0.0,5.0
2025,Hungary,63,RUS,George Russell,Mercedes,4.0,3.0,Finished,15.0,3.0,True,4.0,9,2,2,Mercedes_2025,2,technical,2,5.0,0.0,9,0.0,3.0
2025,Italy,63,RUS,George Russell,Mercedes,5.0,5.0,Finished,10.0,5.0,True,6.0,10,2,2,Mercedes_2025,2,balanced,1,5.0,0.0,10,0.0,5.0
2025,Japan,63,RUS,George Russell,Mercedes,5.0,5.0,Finished,10.0,5.0,True,5.0,11,2,2,Mercedes_2025,2,balanced,1,4.333333333333333,0.0,11,0.0,5.0
2025,Las Vegas,63,RUS,George Russell,Mercedes,4.0,2.0,Finished,18.0,2.0,True,4.0,12,2,2,Mercedes_2025,2,balanced,1,4.333333333333333,0.0,12,0.0,2.0
2025,Mexico,63,RUS,George Russell,Mercedes,4.0,7.0,Finished,6.0,7.0,True,4.0,13,2,2,Mercedes_2025,2,balanced,1,4.0,0.0,13,0.0,7.0
2025,Miami,63,RUS,George Russell,Mercedes,5.0,3.0,Finished,15.0,3.0,True,5.0,14,2,2,Mercedes_2025,2,balanced,1,4.666666666666667,0.0,14,0.0,3.0
2025,Monaco,63,RUS,George Russell,Mercedes,14.0,11.0,Lapped,0.0,11.0,False,14.0,15,2,2,Mercedes_2025,2,technical,2,4.0,0.0,15,0.0,11.0
2025,Netherlands,63,RUS,George Russell,Mercedes,5.0,4.0,Finished,12.0,4.0,True,5.0,16,2,2,Mercedes_2025,2,balanced,1,7.0,1.0,16,0.0625,4.0
2025,Saudi Arabia,63,RUS,George Russell,Mercedes,3.0,5.0,Finished,10.0,5.0,True,3.0,17,2,2,Mercedes_2025,2,balanced,1,6.0,1.0,17,0.058823529411764705,5.0
2025,Singapore,63,RUS,George Russell,Mercedes,1.0,1.0,Finished,25.0,1.0,True,1.0,18,2,2,Mercedes_2025,2,technical,2,6.666666666666667,1.0,18,0.05555555555555555,1.0
2025,Spain,63,RUS,George Russell,Mercedes,4.0,4.0,Finished,12.0,4.0,True,4.0,19,2,2,Mercedes_2025,2,high_speed,0,3.3333333333333335,1.0,19,0.05263157894736842,4.0
2025,São Paulo,63,RUS,George Russell,Mercedes,6.0,4.0,Finished,12.0,4.0,True,6.0,20,2,2,Mercedes_2025,2,balanced,1,3.3333333333333335,1.0,20,0.05,4.0
2025,United States,63,RUS,George Russell,Mercedes,4.0,6.0,Finished,8.0,6.0,True,4.0,21,2,2,Mercedes_2025,2,balanced,1,3.0,1.0,21,0.047619047619047616,6.0
2025,Australia,55,SAI,Carlos Sainz,Williams,10.0,18.0,Retired,0.0,18.0,False,10.0,0,3,17,Williams_2025,3,balanced,1,,,0,0.0,18.0
2025,Austria,55,SAI,Carlos Sainz,Williams,19.0,20.0,Did not start,0.0,20.0,False,19.0,1,3,17,Williams_2025,3,balanced,1,18.0,1.0,1,1.0,20.0
2025,Azerbaijan,55,SAI,Carlos Sainz,Williams,2.0,3.0,Finished,15.0,3.0,True,2.0,2,3,17,Williams_2025,3,balanced,1,19.0,2.0,2,1.0,3.0
2025,Bahrain,55,SAI,Carlos Sainz,Williams,8.0,19.0,Retired,0.0,19.0,False,8.0,3,3,17,Williams_2025,3,balanced,1,13.666666666666666,2.0,3,0.6666666666666666,19.0
2025,Belgium,55,SAI,Carlos Sainz,Williams,17.0,18.0,Finished,0.0,18.0,True,15.0,4,3,17,Williams_2025,3,balanced,1,14.0,3.0,4,0.75,18.0
2025,Canada,55,SAI,Carlos Sainz,Williams,16.0,10.0,Lapped,1.0,10.0,False,17.0,5,3,17,Williams_2025,3,balanced,1,13.333333333333334,3.0,5,0.6,10.0
2025,China,55,SAI,Carlos Sainz,Williams,15.0,10.0,Finished,1.0,10.0,True,15.0,6,3,17,Williams_2025,3,balanced,1,15.666666666666666,4.0,6,0.6666666666666666,10.0
2025,Emilia Romagna,55,SAI,Carlos Sainz,Williams,6.0,8.0,Finished,4.0,8.0,True,6.0,7,3,17,Williams_2025,3,balanced,1,12.666666666666666,4.0,7,0.5714285714285714,8.0
2025,Great Britain,55,SAI,Carlos Sainz,Williams,19.0,20.0,Did not start,0.0,20.0,False,19.0,8,3,17,Williams_2025,3,balanced,1,9.333333333333334,4.0,8,0.5,20.0
2025,Hungary,55,SAI,Carlos Sainz,Williams,13.0,14.0,Lapped,0.0,14.0,False,13.0,9,3,17,Williams_2025,3,technical,2,12.666666666666666,5.0,9,0.5555555555555556,14.0
2025,Italy,55,SAI,Carlos Sainz,Williams,13.0,11.0,Finished,0.0,11.0,True,13.0,10,3,17,Williams_2025,3,balanced,1,14.0,6.0,10,0.6,11.0
2025,Japan,55,SAI,Carlos Sainz,Williams,15.0,14.0,Finished,0.0,14.0,True,12.0,11,3,17,Williams_2025,3,balanced,1,15.0,6.0,11,0.5454545454545454,14.0
2025,Las Vegas,55,SAI,Carlos Sainz,Williams,3.0,5.0,Finished,10.0,5.0,True,3.0,12,3,17,Williams_2025,3,balanced,1,13.0,6.0,12,0.5,5.0
2025,Mexico,55,SAI,Carlos Sainz,Williams,12.0,17.0,Retired,0.0,17.0,False,7.0,13,3,17,Williams_2025,3,balanced,1,10.0,6.0,13,0.46153846153846156,17.0
2025,Miami,55,SAI,Carlos Sainz,Williams,6.0,9.0,Finished,2.0,9.0,True,6.0,14,3,17,Williams_2025,3,balanced,1,12.0,7.0,14,0.5,9.0
2025,Monaco,55,SAI,Carlos Sainz,Williams,11.0,10.0,Lapped,1.0,10.0,False,11.0,15,3,17,Williams_2025,3,technical,2,10.333333333333334,7.0,15,0.4666666666666667,10.0
2025,Netherlands,55,SAI,Carlos Sainz,Williams,9.0,13.0,Finished,0.0,13.0,True,9.0,16,3,17,Williams_2025,3,balanced,1,12.0,8.0,16,0.5,13.0
2025,Saudi Arabia,55,SAI,Carlos Sainz,Williams,6.0,8.0,Finished,4.0,8.0,True,6.0,17,3,17,Williams_2025,3,balanced,1,10.666666666666666,8.0,17,0.47058823529411764,8.0
2025,Singapore,55,SAI,Carlos Sainz,Williams,18.0,10.0,Lapped,1.0,10.0,False,20.0,18,3,17,Williams_2025,3,technical,2,10.333333333333334,8.0,18,0.4444444444444444,10.0
2025,Spain,55,SAI,Carlos Sainz,Williams,17.0,14.0,Finished,0.0,14.0,True,18.0,19,3,17,Williams_2025,3,high_speed,0,10.333333333333334,9.0,19,0.47368421052631576,14.0
2025,São Paulo,55,SAI,Carlos Sainz,Williams,15.0,13.0,Finished,0.0,13.0,True,15.0,20,3,17,Williams_2025,3,balanced,1,10.666666666666666,9.0,20,0.45,13.0
2025,United States,55,SAI,Carlos Sainz,Williams,9.0,20.0,Retired,0.0,20.0,False,9.0,21,3,17,Williams_2025,3,balanced,1,12.333333333333334,9.0,21,0.42857142857142855,20.0
2025,Australia,18,STR,Lance Stroll,Aston Martin,13.0,6.0,Finished,8.0,6.0,True,13.0,0,4,5,Aston Martin_2025,4,balanced,1,,,0,0.0,6.0
2025,Austria,18,STR,Lance Stroll,Aston Martin,16.0,14.0,Lapped,0.0,14.0,False,16.0,1,4,5,Aston Martin_2025,4,balanced,1,6.0,0.0,1,0.0,14.0
2025,Azerbaijan,18,STR,Lance Stroll,Aston Martin,14.0,17.0,Finished,0.0,17.0,True,14.0,2,4,5,Aston Martin_2025,4,balanced,1,10.0,1.0,2,0.5,17.0
2025,Bahrain,18,STR,Lance Stroll,Aston Martin,19.0,17.0,Finished,0.0,17.0,True,19.0,3,4,5,Aston Martin_2025,4,balanced,1,12.333333333333334,1.0,3,0.3333333333333333,17.0
2025,Belgium,18,STR,Lance Stroll,Aston Martin,16.0,14.0,Finished,0.0,14.0,True,20.0,4,4,5,Aston Martin_2025,4,balanced,1,16.0,1.0,4,0.25,14.0
2025,Canada,18,STR,Lance Stroll,Aston Martin,17.0,17.0,Lapped,0.0,17.0,False,18.0,5,4,5,Aston Martin_2025,4,balanced,1,16.0,1.0,5,0.2,17.0
2025,China,18,STR,Lance Stroll,Aston Martin,14.0,9.0,Finished,2.0,9.0,True,14.0,6,4,5,Aston Martin_2025,4,balanced,1,16.0,2.0,6,0.3333333333333333,9.0
2025,Emilia Romagna,18,STR,Lance Stroll,Aston Martin,8.0,15.0,Finished,0.0,15.0,True,8.0,7,4,5,Aston Martin_2025,4,balanced,1,13.333333333333334,2.0,7,0.2857142857142857,15.0
2025,Great Britain,18,STR,Lance Stroll,Aston Martin,16.0,14.0,Lapped,0.0,14.0,False,16.0,8,4,5,Aston Martin_2025,4,balanced,1,13.666666666666666,2.0,8,0.25,14.0
2025,Hungary,18,STR,Lance Stroll,Aston Martin,6.0,7.0,Finished,6.0,7.0,True,6.0,9,4,5,Aston Martin_2025,4,technical,2,12.666666666666666,3.0,9,0.3333333333333333,7.0
2025,Italy,18,STR,Lance Stroll,Aston Martin,16.0,18.0,Lapped,0.0,18.0,False,17.0,10,4,5,Aston Martin_2025,4,balanced,1,12.0,3.0,10,0.3,18.0
2025,Japan,18,STR,Lance Stroll,Aston Martin,20.0,20.0,Lapped,0.0,20.0,False,20.0,11,4,5,Aston Martin_2025,4,balanced,1,13.0,4.0,11,0.36363636363636365,20.0
2025,Las Vegas,18,STR,Lance Stroll,Aston Martin,12.0,18.0,Retired,0.0,18.0,False,12.0,12,4,5,Aston Martin_2025,4,balanced,1,15.0,5.0,12,0.4166666666666667,18.0
2025,Mexico,18,STR,Lance Stroll,Aston Martin,19.0,14.0,Lapped,0.0,14.0,False,19.0,13,4,5,Aston Martin_2025,4,balanced,1,18.666666666666668,6.0,13,0.46153846153846156,14.0
2025,Miami,18,STR,Lance Stroll,Aston Martin,18.0,16.0,Lapped,0.0,16.0,False,19.0,14,4,5,Aston Martin_2025,4,balanced,1,17.333333333333332,7.0,14,0.5,16.0
2025,Monaco,18,STR,Lance Stroll,Aston Martin,19.0,15.0,Lapped,0.0,15.0,False,19.0,15,4,5,Aston Martin_2025,4,technical,2,16.0,8.0,15,0.5333333333333333,15.0
2025,Netherlands,18,STR,Lance Stroll,Aston Martin,19.0,7.0,Finished,6.0,7.0,True,20.0,16,4,5,Aston Martin_2025,4,balanced,1,15.0,9.0,16,0.5625,7.0
2025,Saudi Arabia,18,STR,Lance Stroll,Aston Martin,16.0,16.0,Lapped,0.0,16.0,False,16.0,17,4,5,Aston Martin_2025,4,balanced,1,12.666666666666666,9.0,17,0.5294117647058824,16.0
2025,Singapore,18,STR,Lance Stroll,Aston Martin,15.0,13.0,Lapped,0.0,13.0,False,15.0,18,4,5,Aston Martin_2025,4,technical,2,12.666666666666666,10.0,18,0.5555555555555556,13.0
2025,São Paulo,18,STR,Lance Stroll,Aston Martin,14.0,16.0,Finished,0.0,16.0,True,14.0,20,4,5,Aston Martin_2025,4,balanced,1,12.0,11.0,19,0.5789473684210527,16.0
2025,United States,18,STR,Lance Stroll,Aston Martin,19.0,12.0,Finished,0.0,12.0,True,18.0,21,4,5,Aston Martin_2025,4,balanced,1,15.0,11.0,20,0.55,12.0
2025,Australia,22,TSU,Yuki Tsunoda,Racing Bulls,5.0,12.0,Finished,0.0,12.0,True,5.0,0,8,11,Racing Bulls_2025,8,balanced,1,,,0,0.0,12.0
2025,Austria,22,TSU,Yuki Tsunoda,Red Bull Racing,18.0,16.0,Lapped,0.0,16.0,False,18.0,1,1,11,Red Bull Racing_2025,1,balanced,1,12.0,0.0,1,0.0,16.0
2025,Azerbaijan,22,TSU,Yuki Tsunoda,Red Bull Racing,6.0,6.0,Finished,8.0,6.0,True,6.0,2,1,11,Red Bull Racing_2025,1,balanced,1,14.0,1.0,2,0.5,6.0
2025,Bahrain,22,TSU,Yuki Tsunoda,Red Bull Racing,10.0,9.0,Finished,2.0,9.0,True,10.0,3,1,11,Red Bull Racing_2025,1,balanced,1,11.333333333333334,1.0,3,0.3333333333333333,9.0
2025,Belgium,22,TSU,Yuki Tsunoda,Red Bull Racing,7.0,13.0,Finished,0.0,13.0,True,7.0,4,1,11,Red Bull Racing_2025,1,balanced,1,10.333333333333334,1.0,4,0.25,13.0
2025,Canada,22,TSU,Yuki Tsunoda,Red Bull Racing,18.0,12.0,Lapped,0.0,12.0,False,11.0,5,1,11,Red Bull Racing_2025,1,balanced,1,9.333333333333334,1.0,5,0.2,12.0
2025,China,22,TSU,Yuki Tsunoda,Racing Bulls,9.0,16.0,Lapped,0.0,16.0,False,9.0,6,8,11,Racing Bulls_2025,8,balanced,1,11.333333333333334,2.0,6,0.3333333333333333,16.0
2025,Emilia Romagna,22,TSU,Yuki Tsunoda,Red Bull Racing,20.0,10.0,Finished,1.0,10.0,True,20.0,7,1,11,Red Bull Racing_2025,1,balanced,1,13.666666666666666,3.0,7,0.42857142857142855,10.0
2025,Great Britain,22,TSU,Yuki Tsunoda,Red Bull Racing,18.0,16.0,Lapped,0.0,16.0,False,18.0,8,1,11,Red Bull Racing_2025,1,balanced,1,12.666666666666666,3.0,8,0.375,16.0
2025,Hungary,22,TSU,Yuki Tsunoda,Red Bull Racing,20.0,17.0,Lapped,0.0,17.0,False,16.0,9,1,11,Red Bull Racing_2025,1,technical,2,14.0,4.0,9,0.4444444444444444,17.0
2025,Italy,22,TSU,Yuki Tsunoda,Red Bull Racing,9.0,13.0,Finished,0.0,13.0,True,10.0,10,1,11,Red Bull Racing_2025,1,balanced,1,14.333333333333334,5.0,10,0.5,13.0
2025,Japan,22,TSU,Yuki Tsunoda,Red Bull Racing,14.0,12.0,Finished,0.0,12.0,True,15.0,11,1,11,Red Bull Racing_2025,1,balanced,1,15.333333333333334,5.0,11,0.45454545454545453,12.0
2025,Las Vegas,22,TSU,Yuki Tsunoda,Red Bull Racing,20.0,12.0,Finished,0.0,12.0,True,19.0,12,1,11,Red Bull Racing_2025,1,balanced,1,14.0,5.0,12,0.4166666666666667,12.0
2025,Mexico,22,TSU,Yuki Tsunoda,Red Bull Racing,10.0,11.0,Finished,0.0,11.0,True,11.0,13,1,11,Red Bull Racing_2025,1,balanced,1,12.333333333333334,5.0,13,0.38461538461538464,11.0
2025,Miami,22,TSU,Yuki Tsunoda,Red Bull Racing,10.0,10.0,Finished,1.0,10.0,True,10.0,14,1,11,Red Bull Racing_2025,1,balanced,1,11.666666666666666,5.0,14,0.35714285714285715,10.0
2025,Monaco,22,TSU,Yuki Tsunoda,Red Bull Racing,12.0,17.0,Lapped,0.0,17.0,False,12.0,15,1,11,Red Bull Racing_2025,1,technical,2,11.0,5.0,15,0.3333333333333333,17.0
2025,Netherlands,22,TSU,Yuki Tsunoda,Red Bull Racing,12.0,9.0,Finished,2.0,9.0,True,12.0,16,1,11,Red Bull Racing_2025,1,balanced,1,12.666666666666666,6.0,16,0.375,9.0
2025,Saudi Arabia,22,TSU,Yuki Tsunoda,Red Bull Racing,8.0,19.0,Retired,0.0,19.0,False,8.0,17,1,11,Red Bull Racing_2025,1,balanced,1,12.0,6.0,17,0.35294117647058826,19.0
2025,Singapore,22,TSU,Yuki Tsunoda,Red Bull Racing,13.0,12.0,Lapped,0.0,12.0,False,13.0,18,1,11,Red Bull Racing_2025,1,technical,2,15.0,7.0,18,0.3888888888888889,12.0
2025,Spain,22,TSU,Yuki Tsunoda,Red Bull Racing,19.0,13.0,Finished,0.0,13.0,True,20.0,19,1,11,Red Bull Racing_2025,1,high_speed,0,13.333333333333334,8.0,19,0.42105263157894735,13.0
2025,São Paulo,22,TSU,Yuki Tsunoda,Red Bull Racing,17.0,17.0,Finished,0.0,17.0,True,19.0,20,1,11,Red Bull Racing_2025,1,balanced,1,14.666666666666666,8.0,20,0.4,17.0
2025,United States,22,TSU,Yuki Tsunoda,Red Bull Racing,13.0,7.0,Finished,6.0,7.0,True,13.0,21,1,11,Red Bull Racing_2025,1,balanced,1,14.0,8.0,21,0.38095238095238093,7.0
2025,Australia,1,VER,Max Verstappen,Red Bull Racing,3.0,2.0,Finished,18.0,2.0,True,3.0,0,1,1,Red Bull Racing_2025,1,balanced,1,,,0,0.0,2.0
2025,Austria,1,VER,Max Verstappen,Red Bull Racing,7.0,18.0,Retired,0.0,18.0,False,7.0,1,1,1,Red Bull Racing_2025,1,balanced,1,2.0,0.0,1,0.0,18.0
2025,Azerbaijan,1,VER,Max Verstappen,Red Bull Racing,1.0,1.0,Finished,25.0,1.0,True,1.0,2,1,1,Red Bull Racing_2025,1,balanced,1,10.0,1.0,2,0.5,1.0
2025,Bahrain,1,VER,Max Verstappen,Red Bull Racing,7.0,6.0,Finished,8.0,6.0,True,7.0,3,1,1,Red Bull Racing_2025,1,balanced,1,7.0,1.0,3,0.3333333333333333,6.0
2025,Belgium,1,VER,Max Verstappen,Red Bull Racing,4.0,4.0,Finished,12.0,4.0,True,4.0,4,1,1,Red Bull Racing_2025,1,balanced,1,8.333333333333334,1.0,4,0.25,4.0
2025,Canada,1,VER,Max Verstappen,Red Bull Racing,2.0,2.0,Finished,18.0,2.0,True,2.0,5,1,1,Red Bull Racing_2025,1,balanced,1,3.6666666666666665,1.0,5,0.2,2.0
2025,China,1,VER,Max Verstappen,Red Bull Racing,4.0,4.0,Finished,12.0,4.0,True,4.0,6,1,1,Red Bull Racing_2025,1,balanced,1,4.0,1.0,6,0.16666666666666666,4.0
2025,Emilia Romagna,1,VER,Max Verstappen,Red Bull Racing,2.0,1.0,Finished,25.0,1.0,True,2.0,7,1,1,Red Bull Racing_2025,1,balanced,1,3.3333333333333335,1.0,7,0.14285714285714285,1.0
2025,Great Britain,1,VER,Max Verstappen,Red Bull Racing,7.0,18.0,Retired,0.0,18.0,False,7.0,8,1,1,Red Bull Racing_2025,1,balanced,1,2.3333333333333335,1.0,8,0.125,18.0
2025,Hungary,1,VER,Max Verstappen,Red Bull Racing,8.0,9.0,Finished,2.0,9.0,True,8.0,9,1,1,Red Bull Racing_2025,1,technical,2,7.666666666666667,2.0,9,0.2222222222222222,9.0
2025,Italy,1,VER,Max Verstappen,Red Bull Racing,1.0,1.0,Finished,25.0,1.0,True,1.0,10,1,1,Red Bull Racing_2025,1,balanced,1,9.333333333333334,2.0,10,0.2,1.0
2025,Japan,1,VER,Max Verstappen,Red Bull Racing,1.0,1.0,Finished,25.0,1.0,True,1.0,11,1,1,Red Bull Racing_2025,1,balanced,1,9.333333333333334,2.0,11,0.18181818181818182,1.0
2025,Las Vegas,1,VER,Max Verstappen,Red Bull Racing,2.0,1.0,Finished,25.0,1.0,True,2.0,12,1,1,Red Bull Racing_2025,1,balanced,1,3.6666666666666665,2.0,12,0.16666666666666666,1.0
2025,Mexico,1,VER,Max Verstappen,Red Bull Racing,5.0,3.0,Finished,15.0,3.0,True,5.0,13,1,1,Red Bull Racing_2025,1,balanced,1,1.0,2.0,13,0.15384615384615385,3.0
2025,Miami,1,VER,Max Verstappen,Red Bull Racing,1.0,4.0,Finished,12.0,4.0,True,1.0,14,1,1,Red Bull Racing_2025,1,balanced,1,1.6666666666666667,2.0,14,0.14285714285714285,4.0
2025,Monaco,1,VER,Max Verstappen,Red Bull Racing,4.0,4.0,Finished,12.0,4.0,True,5.0,15,1,1,Red Bull Racing_2025,1,technical,2,2.6666666666666665,2.0,15,0.13333333333333333,4.0
2025,Netherlands,1,VER,Max Verstappen,Red Bull Racing,3.0,2.0,Finished,18.0,2.0,True,3.0,16,1,1,Red Bull Racing_2025,1,balanced,1,3.6666666666666665,2.0,16,0.125,2.0
2025,Saudi Arabia,1,VER,Max Verstappen,Red Bull Racing,1.0,2.0,Finished,18.0,2.0,True,1.0,17,1,1,Red Bull Racing_2025,1,balanced,1,3.3333333333333335,2.0,17,0.11764705882352941,2.0
2025,Singapore,1,VER,Max Verstappen,Red Bull Racing,2.0,2.0,Finished,18.0,2.0,True,2.0,18,1,1,Red Bull Racing_2025,1,technical,2,2.6666666666666665,2.0,18,0.1111111111111111,2.0
2025,Spain,1,VER,Max Verstappen,Red Bull Racing,3.0,10.0,Finished,1.0,10.0,True,3.0,19,1,1,Red Bull Racing_2025,1,high_speed,0,2.0,2.0,19,0.10526315789473684,10.0
2025,São Paulo,1,VER,Max Verstappen,Red Bull Racing,19.0,3.0,Finished,15.0,3.0,True,16.0,20,1,1,Red Bull Racing_2025,1,balanced,1,4.666666666666667,2.0,20,0.1,3.0
2025,United States,1,VER,Max Verstappen,Red Bull Racing,1.0,1.0,Finished,25.0,1.0,True,1.0,21,1,1,Red Bull Racing_2025,1,balanced,1,5.0,2.0,21,0.09523809523809523,1.0
